-- MySQL dump 10.13  Distrib 8.0.41, for Win64 (x86_64)
--
-- Host: 127.0.0.1    Database: manga
-- ------------------------------------------------------
-- Server version	8.0.41

/*!40101 SET @OLD_CHARACTER_SET_CLIENT=@@CHARACTER_SET_CLIENT */;
/*!40101 SET @OLD_CHARACTER_SET_RESULTS=@@CHARACTER_SET_RESULTS */;
/*!40101 SET @OLD_COLLATION_CONNECTION=@@COLLATION_CONNECTION */;
/*!50503 SET NAMES utf8 */;
/*!40103 SET @OLD_TIME_ZONE=@@TIME_ZONE */;
/*!40103 SET TIME_ZONE='+00:00' */;
/*!40014 SET @OLD_UNIQUE_CHECKS=@@UNIQUE_CHECKS, UNIQUE_CHECKS=0 */;
/*!40014 SET @OLD_FOREIGN_KEY_CHECKS=@@FOREIGN_KEY_CHECKS, FOREIGN_KEY_CHECKS=0 */;
/*!40101 SET @OLD_SQL_MODE=@@SQL_MODE, SQL_MODE='NO_AUTO_VALUE_ON_ZERO' */;
/*!40111 SET @OLD_SQL_NOTES=@@SQL_NOTES, SQL_NOTES=0 */;

--
-- Table structure for table `artistas`
--

DROP TABLE IF EXISTS `artistas`;
/*!40101 SET @saved_cs_client     = @@character_set_client */;
/*!50503 SET character_set_client = utf8mb4 */;
CREATE TABLE `artistas` (
  `ID_ARTISTA` int NOT NULL,
  `NOMBRE` varchar(100) DEFAULT NULL,
  PRIMARY KEY (`ID_ARTISTA`),
  UNIQUE KEY `ID_ARTISTA_UNIQUE` (`ID_ARTISTA`)
) ENGINE=InnoDB DEFAULT CHARSET=utf8mb4 COLLATE=utf8mb4_0900_ai_ci;
/*!40101 SET character_set_client = @saved_cs_client */;

--
-- Dumping data for table `artistas`
--

LOCK TABLES `artistas` WRITE;
/*!40000 ALTER TABLE `artistas` DISABLE KEYS */;
INSERT INTO `artistas` VALUES (0,'Miura Kentarou'),(1,'Studio Gaga'),(2,'Araki Hirohiko'),(3,'Inoue Takehiko'),(4,'Oda Eiichiro'),(5,'Urasawa Naoki'),(6,'Yukimura Makoto'),(7,'Arakawa Hiromu'),(8,'Yoshioka Kimitake'),(9,'Hara Yasuhisa'),(10,'Asano Inio'),(11,'Ichikawa Haruko'),(12,'Chiba Tetsuya'),(13,'Azuma Kiyohiko'),(14,'Natsumi Kei'),(15,'Akasaka Aka'),(16,'Fujisawa Tooru'),(17,'Furudate Haruichi'),(18,'Umino Chica'),(19,'Abe Tsukasa'),(20,'Ooima Yoshitoki'),(21,'Kusanagi Mizuho'),(22,'Mikami Saka'),(23,'Yazawa Ai'),(24,'Miyazaki Hayao'),(25,'Sakamoto Shinichi'),(26,'Kui Ryouko'),(27,'Taguchi Shouichi'),(28,'Togashi Yoshihiro'),(29,'Morikawa George'),(30,'Koyama Chuuya'),(31,'Tsukushi Akihito'),(32,'Tsukumizu'),(33,'Murata Yusuke'),(34,'Fukuda Ikumi'),(35,'Sakura Amyuu'),(36,'Urushibara Yuki'),(37,'Obata Takeshi'),(38,'Sakuishi Harold'),(39,'Fujimoto Tatsuki'),(40,'Tsurumaikada'),(41,'Hayashida Q'),(42,'Otomo Katsuhiro'),(43,'Midorikawa Yuki'),(44,'Shirahama Kamome'),(45,'Nekokurage'),(46,'Nakatani Nio'),(47,'Hoshikawa Shiwasu'),(48,'Yuama'),(49,'Ashinano Hitoshi'),(50,'Sorachi Hideaki'),(51,'Yayoi Sou'),(52,'Noda Satoru'),(53,'Kojima Goseki'),(54,'Mizuno Eita'),(55,'Kobayashi Yuugo'),(56,'Amano Kozue'),(57,'Sako Toshio'),(58,'ONE'),(59,'Yamaguchi Tsubasa'),(60,'Yoshida Akimi'),(61,'Takamatsu Misaki'),(62,'Morinaga Miku'),(63,'Arakawa Naoshi'),(64,'Sadamoto Yoshiyuki'),(65,'Fukumoto Nobuyuki'),(66,'Suetsugu Yuki'),(67,'Mochizuki Jun'),(68,'Mori Kaoru'),(69,'Nakamura Yoshiki'),(70,'Terajima Yuuji'),(71,'Aida Iro'),(72,'Isayama Hajime'),(73,'Minami Katsuhisa'),(74,'Watsuki Nobuhiro'),(75,'Tezuka Osamu'),(76,'Suzuki Julietta'),(77,'Ishida Sui'),(78,'Harusono Shou'),(79,'Takaya Natsuki'),(80,'Matsumoto Taiyou'),(81,'Kaitani Shinobu'),(82,'Shinzou Keigo'),(83,'Akitaka'),(84,'Higashimura Akiko'),(85,'Hatori Bisco'),(86,'Yasuhiko Yoshikazu'),(87,'Yumeka Sumomo'),(88,'Kizu Natsuki'),(89,'Ishizuka Shinichi'),(90,'Oh! Great'),(91,'Morishita Suu'),(92,'Kodama Yuki'),(93,'Kirihara Idumi'),(94,'Endou Tatsuya'),(95,'Harukawa35'),(96,'Mizukami Satoshi'),(97,'Yokota Takuma'),(98,'Nomura Yuusuke'),(99,'Morino Megumi'),(100,'Nakamura Asumiko'),(101,'Ohtake Masao'),(102,'Kamatani Yuuki'),(103,'Adachi Mitsuru'),(104,'Wakaki Tamiki'),(105,'Tatsu Yukinobu'),(106,'Koume Keito'),(107,'Kakizaki Masasumi'),(108,'Miyoshi Hikaru'),(109,'Kuzumi Taiyou'),(110,'Momoyama Hinase'),(111,'Arai Sumiko'),(112,'Toriyama Akira'),(113,'Fujiko Fujio F.'),(114,'Mori Kouji'),(115,'Nishimori Hiroyuki'),(116,'Miuchi Suzue'),(117,'Yoshino Satsuki'),(118,'Tsubaki Izumi'),(119,'Osada Yu-Ko'),(120,'Machida Kazuya'),(121,'Igarashi Masakuni'),(122,'Samura Hiroaki'),(123,'Toboso Yana'),(124,'Hagiwara Daisuke'),(125,'Ninomiya Tomoko'),(126,'Tamura Yumi'),(127,'Afro'),(128,'Izumi Mitsu'),(129,'Ojiro Makoto'),(130,'Yamashita Tomoko'),(131,'Kotone Ranmaru'),(132,'Kuzushiro'),(133,'Kishiro Yukito'),(134,'Fujiwara Hiro'),(135,'Arawi Keiichi'),(136,'Aso Haro'),(137,'Satou Yuuki'),(138,'Kawakami Taiki'),(139,'CLAMP'),(140,'Iwaaki Hitoshi'),(141,'Shinohara Kenta'),(142,'inee'),(143,'Soumatou'),(144,'Yatsuda Teki'),(145,'Adachitoka'),(146,'Sanbe Kei'),(147,'Mori Moyori'),(148,'Fujita'),(149,'Takeuchi Tomo'),(150,'Koi'),(151,'Aruko'),(152,'Ikeda Riyoko'),(153,'Raiku Makoto'),(154,'Hikawa Kyouko'),(155,'Yamamoto Hideo'),(156,'Nakazawa Keiji'),(157,'Nishi Osamu'),(158,'Toujou Chika'),(159,'Yamazaki Kore'),(160,'Toumori Higoro'),(161,'Matsuda Mai'),(162,'Nakahara Aya'),(163,'Higuchi Tachibana'),(164,'Ueda Hiroshi'),(165,'Isshiki Makoto'),(166,'Andou Yuki'),(167,'Nagabe'),(168,'Nimori Shimatsukasa'),(169,'Hirano Ryouji'),(170,'Asou Shuuichi'),(171,'Yuu'),(172,'Souryo Fuyumi'),(173,'Yang Kyung-il'),(174,'Shiina Karuho'),(175,'Hamaji Aki'),(176,'Miura Kouji'),(177,'Sakurai Umi'),(178,'Obana Miho'),(179,'Nihei Tsutomu'),(180,'Hiroe Rei'),(181,'Kouchi Kaede'),(182,'Souichirou'),(183,'Shiraume Nazuna'),(184,'Ishie Hachi'),(185,'Kii Kanna'),(186,'Koike Sadaji'),(187,'Amase Shiori'),(188,'Kumota Haruko'),(189,'Takano Ichigo'),(190,'Hoshino Katsura'),(191,'Shinohara Chie'),(192,'Hirano Kouta'),(193,'Yagi Norihiro'),(194,'Aoyama Gosho'),(195,'Houjou Yutori'),(196,'Abe Miyuki'),(197,'Oto Hisamu'),(198,'Tokeino Hari'),(199,'Nakajo Hisaya'),(200,'Nightow Yasuhiro'),(201,'Teshirogi Shiori'),(202,'Suzuragi Karin'),(203,'Kanai Neco'),(204,'Motomi Kyousuke'),(205,'Ohtaka Shinobu'),(206,'Daromeon'),(207,'Tsuchida Seiki'),(208,'Serizawa Tomo'),(209,'hiroja'),(210,'Eguchi Kousei'),(211,'Sakurai Norio'),(212,'Sakano Anri'),(213,'Minekura Kazuya'),(214,'Tobe Keiko'),(215,'Arai Hideki'),(216,'Kaneda Yousuke'),(217,'Matsui Yuusei'),(218,'Shigeno Shuuichi'),(219,'Taniguchi Jiro'),(220,'Fuyukawa Motoi'),(221,'Akutami Gege'),(222,'Kirioka Sana'),(223,'Mokumokuren'),(224,'Akino Matsuri'),(225,'Morita Masanori'),(226,'Namori'),(227,'Kino Hinoki'),(228,'Yamauchi Yasunobu'),(229,'Nariie Shinichirou'),(230,'Tagura Tohru'),(231,'Itagaki Paru'),(232,'Fumino Yuki'),(233,'Usazaki Shiro'),(234,'Tanaka Yasuki'),(235,'Kaku Yuuji'),(236,'Inada Shiho'),(237,'Akizuki Sorata'),(238,'Takahashi Hiroshi'),(239,'Atto'),(240,'Himeno Taka'),(241,'Ichikawa Ichi'),(242,'Tsukizuki Yoshi'),(243,'Kio Shimoku'),(244,'Shimura Takako'),(245,'Endo Hiroki'),(246,'Sugiura Shiho'),(247,'Ikegami Ryouichi'),(248,'Kamio Yoko'),(249,'Ishikawa Ken'),(250,'Wakabayashi Toshiya'),(251,'Sakura Jun'),(252,'Aono Nachi'),(253,'Atori Haruno'),(254,'Boichi'),(255,'Satake Kousuke'),(256,'Ito Izumo'),(257,'Oshimi Shuuzou'),(258,'Taamo'),(259,'Kiyuzuki Satoko'),(260,'Maybe'),(261,'Yuno Ichika'),(262,'Itou Shouta'),(263,'Takeuchi Naoko'),(264,'Ozaki Kaori'),(265,'Yamamori Mika'),(266,'Yuzaki Sakaomi'),(267,'Mita Ori'),(268,'Nitori Sasami'),(269,'Kotoyama'),(270,'Suzuki Yuuto'),(271,'Wazawa Kiri'),(272,'Tagame Gengorou'),(273,'Amano Shinobu'),(274,'Itou Junji'),(275,'Higuchi Asa'),(276,'Suruga Hikaru'),(277,'Io Naomichi'),(278,'Hata Kenjirou'),(279,'Ganjii'),(280,'Mashiro'),(281,'Yokoyari Mengo'),(282,'Uoto'),(283,'Hiroyama Hiroshi'),(284,'Hanokage'),(285,'Yugi Iro'),(286,'Kumeta Kouji'),(287,'Takahashi Rumiko'),(288,'Sasaki Shonen'),(289,'Watase Yuu'),(290,'Minazuki Suu'),(291,'Soda Masahito'),(292,'Takahashi Tsutomu'),(293,'Yamada Kintetsu'),(294,'Takeshima Eku'),(295,'Yatera Keita'),(296,'Fuji Ryousuke'),(297,'Sukeno Yoshiaki'),(298,'Nanao Nanaki'),(299,'Demizu Posuka'),(300,'Tsuda Masami'),(301,'Matsuzuki Kou'),(302,'Nogizaka Tarou'),(303,'Ishiguro Masakazu'),(304,'Hagio Moto'),(305,'Mitsuda Takuya'),(306,'Kaji Eiri'),(307,'Hotta Kiichi'),(308,'Tamifull'),(309,'Murakami Takashi'),(310,'Miyahara Ruri'),(311,'Gotouge Koyoharu'),(312,'Amagakure Gido'),(313,'Ooiwa Kenji'),(314,'Yuki Kaori'),(315,'Hojo Tsukasa'),(316,'Tamura Ryuuhei'),(317,'Kashiki Takuto'),(318,'Sakisaka Io'),(319,'Matsuse Daichi');
/*!40000 ALTER TABLE `artistas` ENABLE KEYS */;
UNLOCK TABLES;

--
-- Table structure for table `demografias`
--

DROP TABLE IF EXISTS `demografias`;
/*!40101 SET @saved_cs_client     = @@character_set_client */;
/*!50503 SET character_set_client = utf8mb4 */;
CREATE TABLE `demografias` (
  `ID_DEMOGRAFIA` int NOT NULL,
  `NOMBRE` varchar(45) DEFAULT NULL,
  PRIMARY KEY (`ID_DEMOGRAFIA`)
) ENGINE=InnoDB DEFAULT CHARSET=utf8mb4 COLLATE=utf8mb4_0900_ai_ci;
/*!40101 SET character_set_client = @saved_cs_client */;

--
-- Dumping data for table `demografias`
--

LOCK TABLES `demografias` WRITE;
/*!40000 ALTER TABLE `demografias` DISABLE KEYS */;
INSERT INTO `demografias` VALUES (0,'SEINEN'),(1,'SHOUNEN'),(2,'SHOUJO'),(3,'JOSEI'),(4,'KIDS');
/*!40000 ALTER TABLE `demografias` ENABLE KEYS */;
UNLOCK TABLES;

--
-- Table structure for table `escritores`
--

DROP TABLE IF EXISTS `escritores`;
/*!40101 SET @saved_cs_client     = @@character_set_client */;
/*!50503 SET character_set_client = utf8mb4 */;
CREATE TABLE `escritores` (
  `ID_ESCRITOR` int NOT NULL,
  `NOMBRE` varchar(100) DEFAULT NULL,
  PRIMARY KEY (`ID_ESCRITOR`)
) ENGINE=InnoDB DEFAULT CHARSET=utf8mb4 COLLATE=utf8mb4_0900_ai_ci;
/*!40101 SET character_set_client = @saved_cs_client */;

--
-- Dumping data for table `escritores`
--

LOCK TABLES `escritores` WRITE;
/*!40000 ALTER TABLE `escritores` DISABLE KEYS */;
INSERT INTO `escritores` VALUES (0,'Miura Kentarou'),(1,'Araki Hirohiko'),(2,'Inoue Takehiko'),(3,'Yoshikawa Eiji'),(4,'Oda Eiichiro'),(5,'Urasawa Naoki'),(6,'Yukimura Makoto'),(7,'Arakawa Hiromu'),(8,'Inoue Kenji'),(9,'Hara Yasuhisa'),(10,'Asano Inio'),(11,'Ichikawa Haruko'),(12,'Kajiwara Ikki'),(13,'Azuma Kiyohiko'),(14,'Ryukishi07'),(15,'Akasaka Aka'),(16,'Fujisawa Tooru'),(17,'Furudate Haruichi'),(18,'Umino Chica'),(19,'Yamada Kanehito'),(20,'Ooima Yoshitoki'),(21,'Kusanagi Mizuho'),(22,'Mikami Saka'),(23,'Yazawa Ai'),(24,'Miyazaki Hayao'),(25,'Sakamoto Shinichi'),(26,'Kui Ryouko'),(27,'Miaki Sugaru'),(28,'Togashi Yoshihiro'),(29,'Morikawa George'),(30,'Koyama Chuuya'),(31,'Tsukushi Akihito'),(32,'Tsukumizu'),(33,'ONE'),(34,'Fukuda Ikumi'),(35,'Sakura Amyuu'),(36,'Urushibara Yuki'),(37,'Ohba Tsugumi'),(38,'Sakuishi Harold'),(39,'Fujimoto Tatsuki'),(40,'Tsurumaikada'),(41,'Hayashida Q'),(42,'Otomo Katsuhiro'),(43,'Midorikawa Yuki'),(44,'Shirahama Kamome'),(45,'Hyuuga Natsu'),(46,'Nakatani Nio'),(47,'Asagiri Kafka'),(48,'Yuama'),(49,'Ashinano Hitoshi'),(50,'Sorachi Hideaki'),(51,'Yayoi Sou'),(52,'Noda Satoru'),(53,'Koike Kazuo'),(54,'Kobayashi Yuugo'),(55,'Ueno Naohiko'),(56,'Tezuka Osamu'),(57,'Amano Kozue'),(58,'Sako Toshio'),(59,'Yamaguchi Tsubasa'),(60,'Yoshida Akimi'),(61,'Takamatsu Misaki'),(62,'Morinaga Miku'),(63,'Arakawa Naoshi'),(64,'Sadamoto Yoshiyuki'),(65,'Fukumoto Nobuyuki'),(66,'Suetsugu Yuki'),(67,'Mochizuki Jun'),(68,'Mori Kaoru'),(69,'Nakamura Yoshiki'),(70,'Nagasaki Takashi'),(71,'Terajima Yuuji'),(72,'Aida Iro'),(73,'Isayama Hajime'),(74,'Minami Katsuhisa'),(75,'Watsuki Nobuhiro'),(76,'Suzuki Julietta'),(77,'Ishida Sui'),(78,'Harusono Shou'),(79,'Takaya Natsuki'),(80,'Matsumoto Taiyou'),(81,'Kaitani Shinobu'),(82,'Shinzou Keigo'),(83,'Higashimura Akiko'),(84,'Hatori Bisco'),(85,'Yasuhiko Yoshikazu'),(86,'Tomino Yoshiyuki'),(87,'Kizu Natsuki'),(88,'Ishizuka Shinichi'),(89,'NISIO ISIN'),(90,'Morishita Suu'),(91,'Kodama Yuki'),(92,'Sumino Yoru'),(93,'Endou Tatsuya'),(94,'Mizukami Satoshi'),(95,'Yokota Takuma'),(96,'Kaneshiro Muneyuki'),(97,'Morino Megumi'),(98,'Nakamura Asumiko'),(99,'Ohtake Masao'),(100,'Kamatani Yuuki'),(101,'Inagaki Riichiro'),(102,'Adachi Mitsuru'),(103,'Wakaki Tamiki'),(104,'Tatsu Yukinobu'),(105,'Hasekura Isuna'),(106,'Abe George'),(107,'Takeuchi Ryousuke'),(108,'Arai Sumiko'),(109,'Toriyama Akira'),(110,'Fujiko Fujio F.'),(111,'Mori Kouji'),(112,'Nishimori Hiroyuki'),(113,'Miuchi Suzue'),(114,'Yoshino Satsuki'),(115,'Tsubaki Izumi'),(116,'Osada Yu-Ko'),(117,'Machida Kazuya'),(118,'Igarashi Masakuni'),(119,'Samura Hiroaki'),(120,'Toboso Yana'),(121,'HERO'),(122,'Ninomiya Tomoko'),(123,'Tamura Yumi'),(124,'Afro'),(125,'Izumi Mitsu'),(126,'Ojiro Makoto'),(127,'Yamashita Tomoko'),(128,'Ise Katsura'),(129,'Shinkai Makoto'),(130,'Kuzushiro'),(131,'Kishiro Yukito'),(132,'Fujiwara Hiro'),(133,'Arawi Keiichi'),(134,'Yumeka Sumomo'),(135,'Aso Haro'),(136,'Yamaguchi Mikoto'),(137,'Fuse'),(138,'CLAMP'),(139,'Iwaaki Hitoshi'),(140,'Shinohara Kenta'),(141,'inee'),(142,'Soumatou'),(143,'Yatsuda Teki'),(144,'Adachitoka'),(145,'Sanbe Kei'),(146,'Mori Moyori'),(147,'Fujita'),(148,'Takeuchi Tomo'),(149,'Koi'),(150,'Hinekure Wataru'),(151,'Ikeda Riyoko'),(152,'Raiku Makoto'),(153,'Hikawa Kyouko'),(154,'Yamamoto Hideo'),(155,'Nakazawa Keiji'),(156,'Nishi Osamu'),(157,'Zen Carlo'),(158,'Yamazaki Kore'),(159,'Sora Mozuku'),(160,'Matsuda Mai'),(161,'Nakahara Aya'),(162,'Higuchi Tachibana'),(163,'Gatou Shouji'),(164,'Isshiki Makoto'),(165,'Andou Yuki'),(166,'Nagabe'),(167,'Hinoura Takumi'),(168,'Keikenchi'),(169,'Asou Shuuichi'),(170,'Hosoda Mamoru'),(171,'Souryo Fuyumi'),(172,'Yoon In-Wan'),(173,'Shiina Karuho'),(174,'Eifuku Issei'),(175,'Hamaji Aki'),(176,'Miura Kouji'),(177,'Sakurai Umi'),(178,'Obana Miho'),(179,'Nihei Tsutomu'),(180,'Hiroe Rei'),(181,'Kouchi Kaede'),(182,'Makiburo'),(183,'Ishie Hachi'),(184,'Kii Kanna'),(185,'Koike Sadaji'),(186,'Amase Shiori'),(187,'Kumota Haruko'),(188,'Takano Ichigo'),(189,'Hoshino Katsura'),(190,'Shinohara Chie'),(191,'Hirano Kouta'),(192,'Yagi Norihiro'),(193,'Aoyama Gosho'),(194,'Abe Miyuki'),(195,'Oto Hisamu'),(196,'Tokeino Hari'),(197,'Nakajo Hisaya'),(198,'Nightow Yasuhiro'),(199,'Kurumada Masami'),(200,'Teshirogi Shiori'),(201,'Kanai Neco'),(202,'Motomi Kyousuke'),(203,'Ohtaka Shinobu'),(204,'Sandrovich Yabako'),(205,'Mizutani Osamu'),(206,'Serizawa Tomo'),(207,'hiroja'),(208,'Eguchi Kousei'),(209,'Sakurai Norio'),(210,'Aizawa Daisuke'),(211,'Minekura Kazuya'),(212,'Tobe Keiko'),(213,'Arai Hideki'),(214,'Kaneda Yousuke'),(215,'Matsui Yuusei'),(216,'Shigeno Shuuichi'),(217,'Yumemakura Baku'),(218,'Kamachi Kazuma'),(219,'Akutami Gege'),(220,'Kirioka Sana'),(221,'Mokumokuren'),(222,'Akino Matsuri'),(223,'Morita Masanori'),(224,'Namori'),(225,'Asano Atsuko'),(226,'Yamauchi Yasunobu'),(227,'Nitroplus'),(228,'Tagura Tohru'),(229,'Itagaki Paru'),(230,'Fumino Yuki'),(231,'Matsuki Tatsuya'),(232,'Tanaka Yasuki'),(233,'Kaku Yuuji'),(234,'Inada Shiho'),(235,'Ono Fuyumi'),(236,'Akizuki Sorata'),(237,'Takahashi Hiroshi'),(238,'Atto'),(239,'Ichikawa Ichi'),(240,'Nanasaki Ryousuke'),(241,'Kio Shimoku'),(242,'Shimura Takako'),(243,'Endo Hiroki'),(244,'Sugiura Shiho'),(245,'Buronson'),(246,'Kamio Yoko'),(247,'Ishikawa Ken'),(248,'Wakabayashi Toshiya'),(249,'Sakura Jun'),(250,'Aono Nachi'),(251,'Nagatsuki Tappei'),(252,'Satake Kousuke'),(253,'Ito Izumo'),(254,'Oshimi Shuuzou'),(255,'Taamo'),(256,'Kiyuzuki Satoko'),(257,'Maybe'),(258,'Yuno Ichika'),(259,'Inoryuu Hajime'),(260,'Takeuchi Naoko'),(261,'Ozaki Kaori'),(262,'Yamamori Mika'),(263,'Yuzaki Sakaomi'),(264,'Mita Ori'),(265,'Nitori Sasami'),(266,'Kotoyama'),(267,'Suzuki Yuuto'),(268,'Wazawa Kiri'),(269,'Tagame Gengorou'),(270,'Amano Shinobu'),(271,'Itou Junji'),(272,'Higuchi Asa'),(273,'Sunaaku Gan'),(274,'Watari Wataru'),(275,'Hata Kenjirou'),(276,'Mashiro'),(277,'Uoto'),(278,'Hiroyama Hiroshi'),(279,'Magica Quartet'),(280,'Yugi Iro'),(281,'Kumeta Kouji'),(282,'Takahashi Rumiko'),(283,'Type-Moon'),(284,'Nasu Kinoko'),(285,'Sasaki Shonen'),(286,'Watase Yuu'),(287,'Minazuki Suu'),(288,'Soda Masahito'),(289,'Takahashi Tsutomu'),(290,'Yamada Kintetsu'),(291,'Takeshima Eku'),(292,'Yatera Keita'),(293,'Katarina'),(294,'Sukeno Yoshiaki'),(295,'Nanao Nanaki'),(296,'Shirai Kaiu'),(297,'Tsuda Masami'),(298,'Matsuzuki Kou'),(299,'Nagai Akira'),(300,'Ishiguro Masakazu'),(301,'Hagio Moto'),(302,'Mitsuda Takuya'),(303,'Kaji Eiri'),(304,'Hotta Kiichi'),(305,'Tamifull'),(306,'Murakami Takashi'),(307,'Miyahara Ruri'),(308,'Gotouge Koyoharu'),(309,'Amagakure Gido'),(310,'Takimoto Tatsuhiko'),(311,'Yuki Kaori'),(312,'Hojo Tsukasa'),(313,'Tamura Ryuuhei'),(314,'Kashiki Takuto'),(315,'Sakisaka Io');
/*!40000 ALTER TABLE `escritores` ENABLE KEYS */;
UNLOCK TABLES;

--
-- Table structure for table `generos`
--

DROP TABLE IF EXISTS `generos`;
/*!40101 SET @saved_cs_client     = @@character_set_client */;
/*!50503 SET character_set_client = utf8mb4 */;
CREATE TABLE `generos` (
  `ID_GENERO` int NOT NULL,
  `NOMBRE` varchar(100) DEFAULT NULL,
  PRIMARY KEY (`ID_GENERO`)
) ENGINE=InnoDB DEFAULT CHARSET=utf8mb4 COLLATE=utf8mb4_0900_ai_ci;
/*!40101 SET character_set_client = @saved_cs_client */;

--
-- Dumping data for table `generos`
--

LOCK TABLES `generos` WRITE;
/*!40000 ALTER TABLE `generos` DISABLE KEYS */;
INSERT INTO `generos` VALUES (0,'ACTION'),(1,'ADVENTURE'),(2,'AWARD WINNING'),(3,'DRAMA'),(4,'FANTASY'),(5,'HORROR'),(6,'MYSTERY'),(7,'SUPERNATURAL'),(8,'SPORTS'),(9,'COMEDY'),(10,'SLICE OF LIFE'),(11,'SCI-FI'),(12,'ROMANCE'),(13,'ECCHI'),(14,'GOURMET'),(15,'SUSPENSE'),(16,'GIRLS LOVE'),(17,'BOYS LOVE');
/*!40000 ALTER TABLE `generos` ENABLE KEYS */;
UNLOCK TABLES;

--
-- Table structure for table `manga_artista`
--

DROP TABLE IF EXISTS `manga_artista`;
/*!40101 SET @saved_cs_client     = @@character_set_client */;
/*!50503 SET character_set_client = utf8mb4 */;
CREATE TABLE `manga_artista` (
  `ID_MANGA_ARTISTA` int NOT NULL,
  `ID_MANGA` int DEFAULT NULL,
  `ID_ARTISTA` int DEFAULT NULL,
  PRIMARY KEY (`ID_MANGA_ARTISTA`),
  KEY `ID_ARTISTA_idx1` (`ID_ARTISTA`),
  KEY `ID_MANGA_idx1` (`ID_MANGA`),
  CONSTRAINT `ID_ARTISTA` FOREIGN KEY (`ID_ARTISTA`) REFERENCES `artistas` (`ID_ARTISTA`),
  CONSTRAINT `ID_MANGA` FOREIGN KEY (`ID_MANGA`) REFERENCES `mangas` (`ID_MANGA`)
) ENGINE=InnoDB DEFAULT CHARSET=utf8mb4 COLLATE=utf8mb4_0900_ai_ci;
/*!40101 SET character_set_client = @saved_cs_client */;

--
-- Dumping data for table `manga_artista`
--

LOCK TABLES `manga_artista` WRITE;
/*!40000 ALTER TABLE `manga_artista` DISABLE KEYS */;
INSERT INTO `manga_artista` VALUES (0,0,0),(1,0,1),(2,1,2),(3,2,3),(4,3,4),(5,4,5),(6,5,3),(7,6,6),(8,7,7),(9,8,8),(10,9,9),(11,10,10),(12,11,11),(13,12,3),(14,13,5),(15,14,12),(16,15,13),(17,16,14),(18,17,15),(19,18,16),(20,19,17),(21,20,18),(22,21,19),(23,22,20),(24,23,21),(25,24,22),(26,25,23),(27,26,24),(28,27,25),(29,28,26),(30,29,27),(31,30,28),(32,31,29),(33,32,30),(34,33,31),(35,34,32),(36,35,33),(37,36,34),(38,37,35),(39,38,36),(40,39,37),(41,40,38),(42,41,39),(43,42,40),(44,43,41),(45,44,42),(46,45,43),(47,46,44),(48,47,45),(49,48,46),(50,49,47),(51,50,48),(52,51,49),(53,52,50),(54,53,39),(55,54,51),(56,55,52),(57,56,53),(58,57,54),(59,58,55),(60,59,5),(61,60,56),(62,61,57),(63,62,58),(64,63,59),(65,64,60),(66,65,61),(67,66,62),(68,67,63),(69,68,64),(70,69,65),(71,70,2),(72,71,66),(73,72,67),(74,73,68),(75,74,69),(76,75,5),(77,76,70),(78,77,71),(79,78,72),(80,79,73),(81,80,74),(82,81,75),(83,82,76),(84,83,77),(85,84,78),(86,85,79),(87,86,80),(88,87,81),(89,88,82),(90,89,83),(91,90,84),(92,91,85),(93,92,86),(94,93,87),(95,94,88),(96,95,89),(97,96,90),(98,97,91),(99,98,92),(100,99,93),(101,100,94),(102,101,95),(103,102,96),(104,103,2),(105,104,97),(106,105,98),(107,106,32),(108,107,67),(109,108,99),(110,109,100),(111,110,101),(112,111,102),(113,112,33),(114,113,103),(115,114,104),(116,115,105),(117,116,106),(118,117,107),(119,118,108),(120,119,109),(121,120,110),(122,121,111),(123,122,112),(124,123,113),(125,124,114),(126,125,115),(127,126,5),(128,127,116),(129,128,117),(130,129,78),(131,130,118),(132,131,119),(133,131,120),(134,132,121),(135,133,65),(136,134,122),(137,135,123),(138,136,124),(139,137,39),(140,138,125),(141,139,126),(142,140,65),(143,141,127),(144,142,128),(145,143,129),(146,144,130),(147,145,97),(148,146,25),(149,147,131),(150,148,132),(151,149,133),(152,150,134),(153,151,135),(154,152,87),(155,153,136),(156,154,137),(157,155,138),(158,156,93),(159,157,139),(160,158,13),(161,159,139),(162,160,140),(163,161,141),(164,162,37),(165,163,142),(166,164,143),(167,165,144),(168,166,145),(169,167,146),(170,168,14),(171,169,147),(172,170,148),(173,171,149),(174,172,150),(175,173,151),(176,174,47),(177,175,152),(178,176,153),(179,177,154),(180,178,155),(181,179,156),(182,180,65),(183,181,157),(184,182,7),(185,183,158),(186,184,159),(187,185,2),(188,186,160),(189,187,161),(190,188,162),(191,189,163),(192,190,164),(193,191,165),(194,192,166),(195,193,167),(196,194,89),(197,195,168),(198,196,169),(199,197,36),(200,198,77),(201,199,170),(202,200,171),(203,201,172),(204,202,173),(205,203,103),(206,204,65),(207,205,96),(208,206,113),(209,207,75),(210,208,174),(211,209,80),(212,210,175),(213,211,176),(214,212,177),(215,213,139),(216,214,178),(217,215,23),(218,216,179),(219,217,180),(220,218,100),(221,219,181),(222,220,182),(223,221,183),(224,222,184),(225,223,185),(226,224,186),(227,225,20),(228,226,187),(229,227,188),(230,228,189),(231,229,190),(232,230,191),(233,231,192),(234,232,193),(235,233,69),(236,234,193),(237,235,194),(238,236,75),(239,237,195),(240,238,196),(241,239,197),(242,240,110),(243,241,198),(244,242,199),(245,243,200),(246,244,201),(247,245,202),(248,246,92),(249,247,203),(250,248,204),(251,249,205),(252,250,206),(253,251,207),(254,252,208),(255,253,209),(256,254,210),(257,255,211),(258,256,212),(259,257,18),(260,258,213),(261,259,81),(262,260,214),(263,261,215),(264,262,216),(265,263,84),(266,264,80),(267,265,217),(268,266,218),(269,267,6),(270,268,2),(271,269,219),(272,270,220),(273,271,221),(274,272,222),(275,273,134),(276,274,223),(277,275,224),(278,276,16),(279,277,225),(280,278,70),(281,279,226),(282,280,227),(283,281,228),(284,282,229),(285,283,230),(286,284,231),(287,285,232),(288,286,233),(289,287,234),(290,288,235),(291,289,236),(292,290,237),(293,291,238),(294,292,16),(295,293,60),(296,294,239),(297,295,240),(298,296,241),(299,297,242),(300,298,243),(301,299,213),(302,300,244),(303,301,245),(304,302,126),(305,303,246),(306,304,247),(307,305,248),(308,306,10),(309,307,249),(310,308,250),(311,309,251),(312,310,10),(313,311,252),(314,312,253),(315,313,254),(316,314,255),(317,315,256),(318,316,257),(319,317,258),(320,318,259),(321,319,260),(322,320,261),(323,321,262),(324,322,263),(325,323,264),(326,324,103),(327,325,65),(328,326,140),(329,327,139),(330,328,265),(331,329,25),(332,330,266),(333,331,28),(334,332,246),(335,333,2),(336,334,267),(337,335,268),(338,336,269),(339,337,270),(340,338,271),(341,339,272),(342,340,273),(343,341,202),(344,342,274),(345,343,275),(346,344,264),(347,345,276),(348,346,277),(349,347,278),(350,348,279),(351,349,280),(352,350,281),(353,351,282),(354,352,100),(355,353,128),(356,354,283),(357,355,284),(358,356,285),(359,357,286),(360,358,287),(361,359,288),(362,360,289),(363,361,290),(364,362,291),(365,363,292),(366,364,293),(367,365,126),(368,366,294),(369,367,295),(370,368,296),(371,369,297),(372,370,298),(373,371,232),(374,372,299),(375,373,300),(376,374,68),(377,375,133),(378,376,301),(379,377,302),(380,378,2),(381,379,75),(382,380,303),(383,381,96),(384,382,304),(385,383,305),(386,384,306),(387,385,307),(388,386,303),(389,387,308),(390,388,309),(391,389,310),(392,390,311),(393,391,312),(394,392,313),(395,393,314),(396,394,315),(397,395,21),(398,396,316),(399,397,317),(400,398,318),(401,399,319);
/*!40000 ALTER TABLE `manga_artista` ENABLE KEYS */;
UNLOCK TABLES;

--
-- Table structure for table `manga_demografia`
--

DROP TABLE IF EXISTS `manga_demografia`;
/*!40101 SET @saved_cs_client     = @@character_set_client */;
/*!50503 SET character_set_client = utf8mb4 */;
CREATE TABLE `manga_demografia` (
  `ID_MANGA_DEMOGRAFIA` int NOT NULL,
  `ID_MANGA` int DEFAULT NULL,
  `ID_DEMOGRAFIA` int DEFAULT NULL,
  PRIMARY KEY (`ID_MANGA_DEMOGRAFIA`),
  KEY `ID_DEMOGRAFIA_idx` (`ID_DEMOGRAFIA`),
  KEY `ID_MANGA_4_idx` (`ID_MANGA`),
  CONSTRAINT `ID_DEMOGRAFIA` FOREIGN KEY (`ID_DEMOGRAFIA`) REFERENCES `demografias` (`ID_DEMOGRAFIA`),
  CONSTRAINT `ID_MANGA_4` FOREIGN KEY (`ID_MANGA`) REFERENCES `mangas` (`ID_MANGA`)
) ENGINE=InnoDB DEFAULT CHARSET=utf8mb4 COLLATE=utf8mb4_0900_ai_ci;
/*!40101 SET character_set_client = @saved_cs_client */;

--
-- Dumping data for table `manga_demografia`
--

LOCK TABLES `manga_demografia` WRITE;
/*!40000 ALTER TABLE `manga_demografia` DISABLE KEYS */;
INSERT INTO `manga_demografia` VALUES (0,0,0),(1,1,0),(2,1,1),(3,2,0),(4,3,1),(5,4,0),(6,5,1),(7,6,0),(8,7,1),(9,8,0),(10,9,0),(11,10,0),(12,11,0),(13,12,0),(14,13,0),(15,14,1),(16,15,1),(17,16,1),(18,17,0),(19,18,1),(20,19,1),(21,20,0),(22,21,1),(23,22,1),(24,23,2),(25,24,2),(26,25,2),(27,26,0),(28,27,0),(29,28,0),(30,29,1),(31,30,1),(32,31,1),(33,32,0),(34,33,0),(35,34,0),(36,35,0),(37,36,1),(38,37,1),(39,38,0),(40,39,1),(41,40,1),(42,41,1),(43,42,0),(44,43,0),(45,44,0),(46,45,2),(47,46,0),(48,47,0),(49,48,1),(50,49,1),(51,50,0),(52,51,0),(53,52,1),(54,53,1),(55,54,0),(56,55,0),(57,56,0),(58,57,1),(59,58,0),(60,59,0),(61,60,1),(62,61,0),(63,62,0),(64,63,0),(65,64,2),(66,65,0),(67,66,1),(68,67,1),(69,68,0),(70,68,1),(71,69,0),(72,70,1),(73,71,3),(74,72,1),(75,73,0),(76,74,2),(77,75,0),(78,76,1),(79,77,1),(80,78,1),(81,79,0),(82,80,1),(83,81,1),(84,82,2),(85,83,0),(86,84,2),(87,85,2),(88,86,0),(89,87,0),(90,88,0),(91,89,1),(92,90,3),(93,91,2),(94,92,1),(95,93,0),(96,94,0),(97,95,0),(98,96,1),(99,97,2),(100,98,3),(101,99,1),(102,100,1),(103,101,0),(104,102,0),(105,103,0),(106,104,1),(107,105,1),(108,106,1),(109,107,1),(110,108,2),(111,109,0),(112,110,0),(113,111,0),(114,112,1),(115,113,1),(116,114,1),(117,115,1),(118,116,0),(119,117,0),(120,118,1),(121,119,0),(122,120,1),(123,121,1),(124,122,1),(125,123,4),(126,123,1),(127,124,0),(128,125,1),(129,126,0),(130,127,2),(131,128,1),(132,129,3),(133,130,0),(134,131,0),(135,132,1),(136,133,0),(137,134,0),(138,135,1),(139,136,1),(140,137,1),(141,138,3),(142,139,2),(143,140,0),(144,141,0),(145,142,0),(146,143,0),(147,144,3),(148,145,0),(149,146,0),(150,147,0),(151,148,0),(152,149,0),(153,150,2),(154,151,1),(155,152,0),(156,153,1),(157,154,1),(158,155,1),(159,156,0),(160,157,0),(161,158,2),(162,159,2),(163,160,0),(164,161,1),(165,162,1),(166,163,0),(167,164,0),(168,165,1),(169,166,1),(170,167,0),(171,168,1),(172,169,1),(173,170,1),(174,171,1),(175,172,2),(176,173,2),(177,174,1),(178,175,2),(179,176,1),(180,177,2),(181,178,0),(182,179,1),(183,180,1),(184,181,1),(185,182,1),(186,183,1),(187,184,1),(188,185,0),(189,186,1),(190,187,0),(191,188,2),(192,189,2),(193,190,1),(194,191,0),(195,192,2),(196,193,1),(197,194,0),(198,195,0),(199,196,0),(200,197,0),(201,198,0),(202,199,1),(203,200,0),(204,201,2),(205,202,0),(206,203,1),(207,204,0),(208,205,0),(209,206,4),(210,207,1),(211,208,2),(212,209,0),(213,210,1),(214,211,1),(215,212,1),(216,213,1),(217,214,2),(218,215,3),(219,216,0),(220,217,0),(221,218,2),(222,219,2),(223,220,1),(224,221,1),(225,222,1),(226,223,1),(227,224,1),(228,225,1),(229,226,0),(230,227,3),(231,228,2),(232,229,1),(233,230,2),(234,231,0),(235,232,1),(236,233,2),(237,234,1),(238,235,1),(239,236,1),(240,237,1),(241,238,2),(242,239,2),(243,240,2),(244,241,2),(245,242,2),(246,243,0),(247,244,1),(248,245,3),(249,246,3),(250,247,2),(251,248,2),(252,249,1),(253,250,0),(254,251,0),(255,252,1),(256,253,1),(257,254,1),(258,255,1),(259,256,3),(260,257,3),(261,258,0),(262,259,0),(263,260,3),(264,261,0),(265,262,1),(266,263,3),(267,264,0),(268,265,1),(269,266,0),(270,267,0),(271,268,1),(272,269,0),(273,270,1),(274,271,1),(275,272,1),(276,273,2),(277,274,3),(278,275,3),(279,276,1),(280,277,1),(281,278,1),(282,279,2),(283,280,2),(284,281,0),(285,282,0),(286,283,1),(287,284,1),(288,285,1),(289,286,1),(290,287,1),(291,288,1),(292,289,2),(293,290,2),(294,291,1),(295,292,1),(296,293,2),(297,294,0),(298,295,0),(299,296,0),(300,297,0),(301,298,0),(302,299,3),(303,300,0),(304,301,0),(305,302,2),(306,303,2),(307,304,0),(308,305,2),(309,306,0),(310,307,1),(311,308,1),(312,309,1),(313,310,0),(314,311,0),(315,312,0),(316,313,1),(317,314,0),(318,315,1),(319,316,1),(320,317,2),(321,318,1),(322,319,1),(323,320,0),(324,321,0),(325,322,2),(326,323,2),(327,324,1),(328,325,0),(329,326,0),(330,327,0),(331,328,2),(332,329,0),(333,330,3),(334,331,1),(335,332,2),(336,333,1),(337,334,1),(338,335,1),(339,336,1),(340,337,1),(341,338,2),(342,339,2),(343,340,2),(344,341,0),(345,342,0),(346,343,0),(347,344,2),(348,345,2),(349,346,0),(350,347,1),(351,348,0),(352,349,0),(353,350,0),(354,351,0),(355,352,1),(356,353,1),(357,354,0),(358,355,0),(359,356,2),(360,357,1),(361,358,0),(362,359,2),(363,360,2),(364,361,1),(365,362,1),(366,363,0),(367,364,0),(368,365,3),(369,366,0),(370,367,0),(371,368,1),(372,369,1),(373,370,1),(374,371,1),(375,372,1),(376,373,2),(377,374,0),(378,375,0),(379,376,2),(380,377,0),(381,378,1),(382,379,0),(383,380,0),(384,381,1),(385,382,2),(386,383,1),(387,384,2),(388,385,1),(389,386,0),(390,387,0),(391,388,0),(392,389,0),(393,390,1),(394,391,0),(395,392,1),(396,393,2),(397,394,1),(398,395,2),(399,396,1),(400,397,0),(401,398,2),(402,399,0);
/*!40000 ALTER TABLE `manga_demografia` ENABLE KEYS */;
UNLOCK TABLES;

--
-- Table structure for table `manga_escritor`
--

DROP TABLE IF EXISTS `manga_escritor`;
/*!40101 SET @saved_cs_client     = @@character_set_client */;
/*!50503 SET character_set_client = utf8mb4 */;
CREATE TABLE `manga_escritor` (
  `ID_MANGA_ESCRITOR` int NOT NULL,
  `ID_MANGA` int DEFAULT NULL,
  `ID_ESCRITOR` int DEFAULT NULL,
  PRIMARY KEY (`ID_MANGA_ESCRITOR`),
  KEY `ID_MANGA_2_idx` (`ID_MANGA`),
  KEY `ID_ESCRITOR_idx` (`ID_ESCRITOR`),
  CONSTRAINT `ID_ESCRITOR` FOREIGN KEY (`ID_ESCRITOR`) REFERENCES `escritores` (`ID_ESCRITOR`),
  CONSTRAINT `ID_MANGA_2` FOREIGN KEY (`ID_MANGA`) REFERENCES `mangas` (`ID_MANGA`)
) ENGINE=InnoDB DEFAULT CHARSET=utf8mb4 COLLATE=utf8mb4_0900_ai_ci;
/*!40101 SET character_set_client = @saved_cs_client */;

--
-- Dumping data for table `manga_escritor`
--

LOCK TABLES `manga_escritor` WRITE;
/*!40000 ALTER TABLE `manga_escritor` DISABLE KEYS */;
INSERT INTO `manga_escritor` VALUES (0,0,0),(1,1,1),(2,2,2),(3,2,3),(4,3,4),(5,4,5),(6,5,2),(7,6,6),(8,7,7),(9,8,8),(10,9,9),(11,10,10),(12,11,11),(13,12,2),(14,13,5),(15,14,12),(16,15,13),(17,16,14),(18,17,15),(19,18,16),(20,19,17),(21,20,18),(22,21,19),(23,22,20),(24,23,21),(25,24,22),(26,25,23),(27,26,24),(28,27,25),(29,28,26),(30,29,27),(31,30,28),(32,31,29),(33,32,30),(34,33,31),(35,34,32),(36,35,33),(37,36,34),(38,37,35),(39,38,36),(40,39,37),(41,40,38),(42,41,39),(43,42,40),(44,43,41),(45,44,42),(46,45,43),(47,46,44),(48,47,45),(49,48,46),(50,49,47),(51,50,48),(52,51,49),(53,52,50),(54,53,39),(55,54,51),(56,55,52),(57,56,53),(58,57,14),(59,58,54),(60,58,55),(61,59,5),(62,59,56),(63,60,57),(64,61,58),(65,62,33),(66,63,59),(67,64,60),(68,65,61),(69,66,62),(70,67,63),(71,68,64),(72,69,65),(73,70,1),(74,71,66),(75,72,67),(76,73,68),(77,74,69),(78,75,5),(79,75,70),(80,76,71),(81,77,72),(82,78,73),(83,79,74),(84,80,75),(85,81,56),(86,82,76),(87,83,77),(88,84,78),(89,85,79),(90,86,80),(91,87,81),(92,88,82),(93,89,14),(94,90,83),(95,91,84),(96,92,85),(97,92,86),(98,94,87),(99,95,88),(100,96,89),(101,97,90),(102,98,91),(103,99,92),(104,100,93),(105,101,47),(106,102,94),(107,103,1),(108,104,95),(109,105,96),(110,106,32),(111,107,67),(112,108,97),(113,109,98),(114,110,99),(115,111,100),(116,112,101),(117,113,102),(118,114,103),(119,115,104),(120,116,105),(121,117,106),(122,118,107),(123,120,14),(124,121,108),(125,122,109),(126,123,110),(127,124,111),(128,125,112),(129,126,5),(130,127,113),(131,128,114),(132,129,78),(133,130,115),(134,131,116),(135,131,117),(136,132,118),(137,133,65),(138,134,119),(139,135,120),(140,136,121),(141,137,39),(142,138,122),(143,139,123),(144,140,65),(145,141,124),(146,142,125),(147,143,126),(148,144,127),(149,145,128),(150,146,25),(151,147,129),(152,148,130),(153,149,131),(154,150,132),(155,151,133),(156,152,134),(157,153,135),(158,154,136),(159,155,137),(160,156,92),(161,157,138),(162,158,13),(163,159,138),(164,160,139),(165,161,140),(166,162,37),(167,163,141),(168,164,142),(169,165,143),(170,166,144),(171,167,145),(172,168,14),(173,169,146),(174,170,147),(175,171,148),(176,172,149),(177,173,150),(178,174,47),(179,175,151),(180,176,152),(181,177,153),(182,178,154),(183,179,155),(184,180,65),(185,181,156),(186,182,7),(187,183,157),(188,184,158),(189,185,1),(190,186,159),(191,187,160),(192,188,161),(193,189,162),(194,190,163),(195,191,164),(196,192,165),(197,193,166),(198,194,88),(199,195,167),(200,196,168),(201,197,36),(202,198,77),(203,199,169),(204,200,170),(205,201,171),(206,202,172),(207,203,102),(208,204,65),(209,205,94),(210,206,110),(211,207,56),(212,208,173),(213,209,174),(214,210,175),(215,211,176),(216,212,177),(217,213,138),(218,214,178),(219,215,23),(220,216,179),(221,217,180),(222,218,98),(223,219,181),(224,220,14),(225,221,182),(226,222,183),(227,223,184),(228,224,185),(229,225,20),(230,226,186),(231,227,187),(232,228,188),(233,229,189),(234,230,190),(235,231,191),(236,232,192),(237,233,69),(238,234,192),(239,235,193),(240,236,56),(241,237,14),(242,238,194),(243,239,195),(244,240,14),(245,241,196),(246,242,197),(247,243,198),(248,244,199),(249,244,200),(250,245,14),(251,246,91),(252,247,201),(253,248,202),(254,249,203),(255,250,204),(256,251,205),(257,252,206),(258,253,207),(259,254,208),(260,255,209),(261,256,210),(262,257,18),(263,258,211),(264,259,81),(265,260,212),(266,261,213),(267,262,214),(268,263,83),(269,264,80),(270,265,215),(271,266,216),(272,267,6),(273,268,1),(274,269,217),(275,270,218),(276,271,219),(277,272,220),(278,273,132),(279,274,221),(280,275,222),(281,276,16),(282,277,223),(283,278,71),(284,279,224),(285,280,225),(286,281,226),(287,282,227),(288,283,228),(289,284,229),(290,285,230),(291,286,231),(292,287,232),(293,288,233),(294,289,234),(295,289,235),(296,290,236),(297,291,237),(298,292,16),(299,293,60),(300,294,238),(301,296,239),(302,297,240),(303,298,241),(304,299,211),(305,300,242),(306,301,243),(307,302,123),(308,303,244),(309,304,245),(310,305,246),(311,306,10),(312,307,247),(313,308,248),(314,309,249),(315,310,10),(316,311,250),(317,312,251),(318,313,101),(319,314,252),(320,315,253),(321,316,254),(322,317,255),(323,318,256),(324,319,257),(325,320,258),(326,321,259),(327,322,260),(328,323,261),(329,324,102),(330,325,65),(331,326,139),(332,327,138),(333,328,262),(334,329,25),(335,330,263),(336,331,28),(337,332,244),(338,333,1),(339,334,264),(340,335,265),(341,336,266),(342,337,267),(343,338,268),(344,339,269),(345,340,270),(346,341,14),(347,342,271),(348,343,272),(349,344,261),(350,345,273),(351,346,274),(352,347,275),(353,349,276),(354,350,15),(355,351,277),(356,352,98),(357,354,278),(358,355,279),(359,356,280),(360,357,281),(361,358,282),(362,359,283),(363,359,284),(364,359,285),(365,360,286),(366,361,287),(367,362,288),(368,363,289),(369,364,290),(370,365,123),(371,366,291),(372,367,292),(373,368,293),(374,369,294),(375,370,295),(376,371,230),(377,372,296),(378,373,297),(379,374,68),(380,375,131),(381,376,298),(382,377,299),(383,378,1),(384,379,56),(385,380,300),(386,381,94),(387,382,301),(388,383,302),(389,384,303),(390,385,304),(391,386,300),(392,387,305),(393,388,306),(394,389,307),(395,390,308),(396,391,309),(397,392,310),(398,393,311),(399,394,312),(400,395,21),(401,396,313),(402,397,314),(403,398,315),(404,399,251);
/*!40000 ALTER TABLE `manga_escritor` ENABLE KEYS */;
UNLOCK TABLES;

--
-- Table structure for table `manga_genero`
--

DROP TABLE IF EXISTS `manga_genero`;
/*!40101 SET @saved_cs_client     = @@character_set_client */;
/*!50503 SET character_set_client = utf8mb4 */;
CREATE TABLE `manga_genero` (
  `ID_MANGA_GENERO` int NOT NULL,
  `ID_MANGA` int DEFAULT NULL,
  `ID_GENERO` int DEFAULT NULL,
  PRIMARY KEY (`ID_MANGA_GENERO`),
  KEY `ID_MANGA_3_idx` (`ID_MANGA`),
  KEY `ID_GENERO_idx` (`ID_GENERO`),
  CONSTRAINT `ID_GENERO` FOREIGN KEY (`ID_GENERO`) REFERENCES `generos` (`ID_GENERO`),
  CONSTRAINT `ID_MANGA_3` FOREIGN KEY (`ID_MANGA`) REFERENCES `mangas` (`ID_MANGA`)
) ENGINE=InnoDB DEFAULT CHARSET=utf8mb4 COLLATE=utf8mb4_0900_ai_ci;
/*!40101 SET character_set_client = @saved_cs_client */;

--
-- Dumping data for table `manga_genero`
--

LOCK TABLES `manga_genero` WRITE;
/*!40000 ALTER TABLE `manga_genero` DISABLE KEYS */;
INSERT INTO `manga_genero` VALUES (0,0,0),(1,0,1),(2,0,2),(3,0,3),(4,0,4),(5,0,5),(6,1,0),(7,1,1),(8,1,6),(9,1,7),(10,2,0),(11,2,1),(12,2,2),(13,3,0),(14,3,1),(15,3,4),(16,4,2),(17,4,3),(18,4,6),(19,5,2),(20,5,8),(21,6,0),(22,6,1),(23,6,2),(24,6,3),(25,7,0),(26,7,1),(27,7,2),(28,7,3),(29,7,4),(30,8,9),(31,9,0),(32,9,2),(33,10,3),(34,10,10),(35,11,0),(36,11,3),(37,11,4),(38,12,2),(39,12,3),(40,12,8),(41,13,2),(42,13,3),(43,13,6),(44,13,11),(45,14,3),(46,14,10),(47,14,8),(48,15,2),(49,15,9),(50,15,10),(51,16,3),(52,16,4),(53,16,6),(54,16,7),(55,17,2),(56,17,9),(57,17,12),(58,18,0),(59,18,2),(60,18,9),(61,18,3),(62,18,13),(63,19,2),(64,19,8),(65,20,2),(66,20,3),(67,20,10),(68,21,1),(69,21,2),(70,21,3),(71,21,4),(72,22,2),(73,22,3),(74,23,1),(75,23,4),(76,23,12),(77,24,3),(78,24,12),(79,25,2),(80,25,3),(81,25,12),(82,26,0),(83,26,1),(84,26,2),(85,26,4),(86,27,2),(87,27,3),(88,27,8),(89,28,2),(90,28,9),(91,28,4),(92,28,14),(93,29,3),(94,30,0),(95,30,1),(96,30,4),(97,31,2),(98,31,8),(99,32,2),(100,32,3),(101,32,11),(102,33,1),(103,33,3),(104,33,4),(105,33,11),(106,34,1),(107,34,2),(108,34,10),(109,35,0),(110,35,9),(111,36,12),(112,36,10),(113,37,3),(114,38,2),(115,38,4),(116,38,6),(117,38,7),(118,39,7),(119,39,15),(120,40,2),(121,40,3),(122,40,12),(123,41,0),(124,41,2),(125,41,4),(126,42,2),(127,42,3),(128,42,8),(129,43,0),(130,43,9),(131,43,4),(132,43,5),(133,44,0),(134,44,2),(135,44,11),(136,45,3),(137,45,7),(138,46,4),(139,47,3),(140,47,6),(141,48,3),(142,48,16),(143,49,0),(144,49,6),(145,49,7),(146,50,16),(147,51,2),(148,51,11),(149,51,10),(150,52,0),(151,52,9),(152,52,11),(153,53,3),(154,54,9),(155,54,3),(156,54,12),(157,54,10),(158,55,0),(159,55,1),(160,55,2),(161,56,0),(162,57,3),(163,57,6),(164,57,7),(165,57,15),(166,58,2),(167,58,8),(168,59,0),(169,59,2),(170,59,6),(171,59,11),(172,59,15),(173,60,11),(174,60,10),(175,61,0),(176,62,0),(177,62,2),(178,62,9),(179,62,7),(180,63,2),(181,63,3),(182,64,0),(183,64,1),(184,64,3),(185,64,15),(186,65,2),(187,65,3),(188,66,12),(189,67,2),(190,67,3),(191,67,12),(192,68,0),(193,68,3),(194,68,6),(195,68,11),(196,68,15),(197,69,3),(198,70,0),(199,70,7),(200,71,2),(201,71,3),(202,72,1),(203,72,4),(204,72,6),(205,73,2),(206,73,12),(207,74,9),(208,74,3),(209,74,12),(210,75,3),(211,75,6),(212,75,7),(213,76,8),(214,77,7),(215,78,0),(216,78,2),(217,78,3),(218,78,15),(219,79,2),(220,79,9),(221,79,15),(222,80,0),(223,80,3),(224,81,3),(225,81,4),(226,81,12),(227,81,11),(228,81,7),(229,82,9),(230,82,4),(231,82,12),(232,82,7),(233,83,0),(234,83,4),(235,83,5),(236,84,17),(237,85,2),(238,85,3),(239,85,12),(240,85,7),(241,86,3),(242,86,8),(243,87,8),(244,88,10),(245,89,3),(246,89,4),(247,89,5),(248,89,6),(249,89,7),(250,89,15),(251,90,2),(252,90,10),(253,91,9),(254,91,3),(255,91,12),(256,92,0),(257,92,2),(258,92,3),(259,92,11),(260,93,3),(261,93,12),(262,94,17),(263,94,3),(264,95,2),(265,96,0),(266,96,9),(267,96,3),(268,96,6),(269,96,12),(270,96,7),(271,97,12),(272,98,2),(273,98,3),(274,98,12),(275,99,3),(276,99,12),(277,100,0),(278,100,9),(279,101,0),(280,101,6),(281,101,7),(282,102,0),(283,102,1),(284,102,9),(285,102,3),(286,102,12),(287,102,7),(288,103,0),(289,103,1),(290,103,2),(291,103,6),(292,103,7),(293,104,9),(294,104,3),(295,104,12),(296,104,10),(297,105,2),(298,105,8),(299,106,10),(300,107,4),(301,108,12),(302,108,7),(303,109,17),(304,109,3),(305,109,10),(306,110,9),(307,110,7),(308,111,3),(309,111,10),(310,112,8),(311,113,2),(312,113,9),(313,113,3),(314,113,12),(315,113,8),(316,114,9),(317,114,4),(318,114,12),(319,114,7),(320,115,0),(321,115,9),(322,115,7),(323,116,1),(324,116,3),(325,116,4),(326,116,12),(327,116,7),(328,117,2),(329,117,3),(330,118,6),(331,118,15),(332,119,3),(333,119,10),(334,119,8),(335,120,3),(336,120,5),(337,120,6),(338,120,7),(339,121,16),(340,122,0),(341,122,1),(342,122,4),(343,123,1),(344,123,2),(345,123,9),(346,123,11),(347,123,10),(348,124,0),(349,125,0),(350,125,9),(351,126,2),(352,126,3),(353,126,6),(354,126,11),(355,127,3),(356,127,12),(357,128,9),(358,128,10),(359,129,17),(360,129,10),(361,130,9),(362,130,12),(363,131,9),(364,131,7),(365,132,9),(366,132,12),(367,133,2),(368,133,3),(369,134,0),(370,134,1),(371,134,3),(372,134,7),(373,135,0),(374,135,4),(375,135,6),(376,135,7),(377,136,12),(378,137,3),(379,138,2),(380,138,9),(381,138,12),(382,138,10),(383,139,1),(384,139,2),(385,139,3),(386,139,4),(387,139,12),(388,140,3),(389,141,10),(390,142,4),(391,143,12),(392,144,3),(393,145,3),(394,146,2),(395,146,3),(396,147,3),(397,148,3),(398,148,16),(399,149,0),(400,149,11),(401,150,9),(402,150,12),(403,151,9),(404,152,3),(405,152,10),(406,153,0),(407,153,5),(408,153,7),(409,154,15),(410,155,2),(411,155,4),(412,156,3),(413,157,9),(414,157,3),(415,157,6),(416,157,7),(417,158,9),(418,158,10),(419,159,1),(420,159,2),(421,159,9),(422,159,4),(423,159,12),(424,160,0),(425,160,2),(426,160,5),(427,160,11),(428,161,2),(429,161,9),(430,161,3),(431,162,9),(432,162,3),(433,162,12),(434,163,0),(435,163,3),(436,163,16),(437,163,7),(438,164,4),(439,164,6),(440,165,17),(441,165,3),(442,166,0),(443,166,4),(444,167,6),(445,167,7),(446,168,3),(447,168,5),(448,168,6),(449,169,17),(450,169,3),(451,170,9),(452,170,12),(453,171,9),(454,171,3),(455,171,12),(456,171,8),(457,172,9),(458,173,2),(459,173,17),(460,173,9),(461,173,12),(462,174,0),(463,174,7),(464,175,3),(465,175,12),(466,176,0),(467,176,1),(468,176,2),(469,176,9),(470,176,7),(471,177,1),(472,177,2),(473,177,4),(474,177,12),(475,178,3),(476,178,5),(477,178,6),(478,178,7),(479,179,3),(480,180,3),(481,181,9),(482,181,4),(483,182,2),(484,182,9),(485,182,3),(486,183,0),(487,183,4),(488,184,3),(489,184,4),(490,184,12),(491,185,0),(492,185,1),(493,185,7),(494,186,0),(495,186,4),(496,187,12),(497,188,2),(498,188,9),(499,188,3),(500,188,12),(501,189,9),(502,189,3),(503,189,12),(504,190,0),(505,190,12),(506,191,2),(507,191,3),(508,192,2),(509,192,12),(510,193,4),(511,194,4),(512,195,4),(513,196,0),(514,196,9),(515,196,4),(516,196,7),(517,197,4),(518,197,6),(519,197,7),(520,198,0),(521,198,4),(522,198,5),(523,199,9),(524,199,7),(525,200,3),(526,200,4),(527,200,12),(528,200,10),(529,201,3),(530,201,12),(531,202,0),(532,202,1),(533,202,3),(534,202,4),(535,202,7),(536,203,2),(537,203,9),(538,203,3),(539,203,12),(540,203,8),(541,204,0),(542,204,9),(543,204,3),(544,204,15),(545,205,0),(546,205,7),(547,205,15),(548,206,1),(549,206,9),(550,206,4),(551,206,11),(552,206,10),(553,207,2),(554,207,3),(555,208,2),(556,208,12),(557,208,10),(558,209,2),(559,209,10),(560,210,9),(561,211,12),(562,211,8),(563,212,10),(564,213,0),(565,213,1),(566,213,3),(567,213,4),(568,214,2),(569,214,9),(570,214,3),(571,214,12),(572,214,10),(573,215,3),(574,215,12),(575,216,0),(576,216,3),(577,216,5),(578,216,11),(579,217,0),(580,217,3),(581,218,17),(582,218,10),(583,219,12),(584,220,3),(585,220,5),(586,220,6),(587,221,3),(588,222,17),(589,222,3),(590,222,10),(591,223,17),(592,223,10),(593,224,9),(594,224,10),(595,225,1),(596,225,2),(597,225,3),(598,225,7),(599,226,3),(600,227,2),(601,227,3),(602,228,3),(603,228,12),(604,228,11),(605,229,0),(606,229,1),(607,229,4),(608,230,0),(609,230,1),(610,230,2),(611,230,3),(612,230,4),(613,230,12),(614,230,7),(615,231,0),(616,231,5),(617,231,7),(618,232,0),(619,232,1),(620,232,4),(621,232,5),(622,233,0),(623,233,9),(624,233,3),(625,233,12),(626,234,0),(627,234,9),(628,234,12),(629,235,1),(630,235,2),(631,235,9),(632,235,6),(633,236,3),(634,236,7),(635,237,3),(636,237,5),(637,237,6),(638,238,17),(639,238,9),(640,238,3),(641,239,4),(642,239,12),(643,240,3),(644,240,5),(645,240,6),(646,241,9),(647,241,10),(648,242,9),(649,242,3),(650,242,12),(651,243,0),(652,243,1),(653,243,2),(654,243,9),(655,243,3),(656,243,11),(657,244,0),(658,244,1),(659,245,3),(660,245,5),(661,245,6),(662,246,3),(663,246,12),(664,246,10),(665,247,9),(666,247,10),(667,247,7),(668,248,9),(669,248,3),(670,248,12),(671,249,1),(672,249,2),(673,249,4),(674,250,0),(675,251,3),(676,252,17),(677,253,4),(678,254,17),(679,254,3),(680,255,9),(681,255,12),(682,256,0),(683,256,9),(684,256,4),(685,257,2),(686,257,9),(687,257,3),(688,257,12),(689,257,10),(690,258,0),(691,258,1),(692,258,4),(693,259,3),(694,260,2),(695,260,3),(696,260,10),(697,261,3),(698,262,0),(699,262,9),(700,262,12),(701,263,2),(702,263,9),(703,264,2),(704,264,3),(705,265,0),(706,265,9),(707,266,0),(708,266,3),(709,267,2),(710,267,3),(711,267,11),(712,267,10),(713,268,0),(714,268,1),(715,269,1),(716,269,2),(717,269,3),(718,269,6),(719,269,8),(720,270,0),(721,270,9),(722,270,11),(723,271,0),(724,271,7),(725,272,9),(726,272,12),(727,272,10),(728,273,9),(729,273,12),(730,274,5),(731,274,6),(732,274,7),(733,275,9),(734,275,4),(735,275,5),(736,275,6),(737,275,7),(738,276,0),(739,276,9),(740,276,3),(741,276,12),(742,277,9),(743,277,3),(744,277,10),(745,277,8),(746,278,2),(747,278,8),(748,279,9),(749,279,16),(750,280,0),(751,280,3),(752,280,6),(753,280,11),(754,281,9),(755,282,1),(756,282,11),(757,283,17),(758,283,3),(759,283,10),(760,284,2),(761,284,3),(762,284,10),(763,285,17),(764,285,10),(765,286,3),(766,287,6),(767,287,7),(768,287,15),(769,288,0),(770,288,4),(771,289,3),(772,289,5),(773,289,6),(774,289,12),(775,289,7),(776,290,3),(777,290,4),(778,290,12),(779,291,0),(780,292,0),(781,292,9),(782,292,3),(783,292,13),(784,293,0),(785,293,3),(786,294,10),(787,295,3),(788,295,6),(789,295,11),(790,296,17),(791,296,10),(792,297,17),(793,297,3),(794,298,9),(795,298,3),(796,298,10),(797,299,0),(798,299,1),(799,299,9),(800,299,3),(801,299,4),(802,300,3),(803,300,12),(804,301,0),(805,301,3),(806,301,11),(807,301,15),(808,302,0),(809,302,1),(810,302,2),(811,302,3),(812,302,5),(813,302,6),(814,302,12),(815,302,11),(816,302,15),(817,303,1),(818,303,17),(819,303,4),(820,304,3),(821,304,15),(822,305,3),(823,305,12),(824,306,3),(825,306,10),(826,307,0),(827,308,9),(828,308,12),(829,309,9),(830,309,10),(831,310,2),(832,310,3),(833,310,11),(834,311,4),(835,311,16),(836,312,3),(837,312,4),(838,312,15),(839,313,1),(840,313,2),(841,313,11),(842,313,15),(843,314,0),(844,314,4),(845,315,9),(846,315,10),(847,316,3),(848,316,12),(849,317,2),(850,317,3),(851,317,12),(852,318,1),(853,318,4),(854,319,5),(855,319,6),(856,319,12),(857,319,7),(858,320,17),(859,320,4),(860,321,3),(861,321,6),(862,321,15),(863,322,2),(864,322,3),(865,322,4),(866,322,12),(867,323,0),(868,323,1),(869,323,3),(870,323,4),(871,323,12),(872,324,9),(873,324,3),(874,324,12),(875,324,8),(876,325,0),(877,325,3),(878,326,0),(879,326,1),(880,326,2),(881,327,3),(882,327,6),(883,327,7),(884,328,12),(885,329,3),(886,330,16),(887,330,10),(888,331,0),(889,331,2),(890,331,9),(891,331,3),(892,331,7),(893,332,17),(894,332,4),(895,332,7),(896,333,0),(897,333,1),(898,334,17),(899,334,10),(900,335,9),(901,335,10),(902,336,2),(903,336,12),(904,336,7),(905,337,0),(906,337,9),(907,338,9),(908,338,7),(909,339,2),(910,339,10),(911,340,9),(912,340,12),(913,341,3),(914,341,5),(915,341,6),(916,342,3),(917,342,5),(918,342,7),(919,343,2),(920,343,9),(921,343,8),(922,344,0),(923,344,3),(924,344,4),(925,345,0),(926,346,9),(927,346,12),(928,347,9),(929,347,12),(930,348,0),(931,348,6),(932,348,7),(933,349,12),(934,350,3),(935,350,7),(936,351,2),(937,351,3),(938,352,17),(939,353,3),(940,354,0),(941,354,9),(942,354,4),(943,355,3),(944,355,5),(945,356,9),(946,356,10),(947,357,2),(948,357,9),(949,358,9),(950,358,3),(951,358,12),(952,359,0),(953,359,5),(954,359,12),(955,359,7),(956,360,1),(957,360,3),(958,360,4),(959,360,12),(960,361,9),(961,361,3),(962,361,12),(963,361,11),(964,361,13),(965,362,2),(966,362,9),(967,362,3),(968,363,0),(969,363,3),(970,364,9),(971,364,12),(972,365,2),(973,365,6),(974,366,16),(975,367,9),(976,367,10),(977,368,0),(978,368,1),(979,368,2),(980,368,4),(981,369,9),(982,369,7),(983,370,0),(984,370,4),(985,371,17),(986,371,10),(987,372,2),(988,372,6),(989,372,15),(990,373,9),(991,373,3),(992,373,12),(993,374,2),(994,374,12),(995,374,10),(996,375,0),(997,375,3),(998,375,11),(999,376,9),(1000,376,12),(1001,376,10),(1002,377,2),(1003,377,3),(1004,378,0),(1005,378,1),(1006,379,2),(1007,379,3),(1008,380,2),(1009,380,10),(1010,381,0),(1011,381,1),(1012,381,4),(1013,382,2),(1014,382,17),(1015,382,3),(1016,383,2),(1017,383,9),(1018,383,3),(1019,383,8),(1020,384,7),(1021,385,9),(1022,385,3),(1023,385,12),(1024,385,10),(1025,386,1),(1026,386,6),(1027,386,11),(1028,387,16),(1029,388,10),(1030,389,12),(1031,389,10),(1032,390,0),(1033,390,4),(1034,391,9),(1035,391,14),(1036,391,10),(1037,392,9),(1038,392,3),(1039,392,12),(1040,393,17),(1041,393,5),(1042,393,6),(1043,393,7),(1044,394,1),(1045,394,9),(1046,395,9),(1047,395,3),(1048,395,12),(1049,395,7),(1050,396,0),(1051,396,9),(1052,396,7),(1053,397,4),(1054,397,10),(1055,398,12),(1056,399,3),(1057,399,4),(1058,399,15);
/*!40000 ALTER TABLE `manga_genero` ENABLE KEYS */;
UNLOCK TABLES;

--
-- Table structure for table `manga_tema`
--

DROP TABLE IF EXISTS `manga_tema`;
/*!40101 SET @saved_cs_client     = @@character_set_client */;
/*!50503 SET character_set_client = utf8mb4 */;
CREATE TABLE `manga_tema` (
  `ID_MANGA_TEMA` int NOT NULL,
  `ID_MANGA` int DEFAULT NULL,
  `ID_TEMA` int DEFAULT NULL,
  PRIMARY KEY (`ID_MANGA_TEMA`),
  KEY `ID_MANGA_idx` (`ID_MANGA`),
  KEY `ID_TEMA_idx` (`ID_TEMA`),
  CONSTRAINT `ID_MANGA_1` FOREIGN KEY (`ID_MANGA`) REFERENCES `mangas` (`ID_MANGA`),
  CONSTRAINT `ID_TEMA` FOREIGN KEY (`ID_TEMA`) REFERENCES `temas` (`ID_TEMA`)
) ENGINE=InnoDB DEFAULT CHARSET=utf8mb4 COLLATE=utf8mb4_0900_ai_ci;
/*!40101 SET character_set_client = @saved_cs_client */;

--
-- Dumping data for table `manga_tema`
--

LOCK TABLES `manga_tema` WRITE;
/*!40000 ALTER TABLE `manga_tema` DISABLE KEYS */;
INSERT INTO `manga_tema` VALUES (0,0,0),(1,0,1),(2,0,2),(3,1,3),(4,2,3),(5,2,4),(6,3,5),(7,3,2),(8,4,5),(9,4,2),(10,5,6),(11,5,7),(12,6,3),(13,7,1),(14,8,3),(15,8,1),(16,9,3),(17,9,1),(18,10,2),(19,11,8),(20,12,2),(21,12,7),(22,13,3),(23,13,2),(24,14,9),(25,15,10),(26,15,11),(27,16,6),(28,17,6),(29,18,12),(30,18,6),(31,18,13),(32,19,6),(33,19,7),(34,20,10),(35,20,11),(36,20,14),(37,21,6),(38,22,6),(39,23,6),(40,24,6),(41,25,5),(42,25,15),(43,25,16),(44,26,2),(45,27,2),(46,28,9),(47,29,9),(48,30,9),(49,31,9),(50,32,5),(51,32,17),(52,32,13),(53,33,11),(54,34,11),(55,35,18),(56,35,19),(57,36,3),(58,37,16),(59,37,6),(60,38,5),(61,38,3),(62,38,11),(63,39,2),(64,40,16),(65,41,0),(66,41,20),(67,42,0),(68,43,0),(69,44,0),(70,45,11),(71,46,3),(72,46,21),(73,47,3),(74,47,21),(75,48,6),(76,49,22),(77,50,6),(78,51,11),(79,52,23),(80,52,3),(81,52,18),(82,52,4),(83,53,6),(84,54,6),(85,55,3),(86,56,3),(87,56,4),(88,57,2),(89,58,7),(90,59,22),(91,59,2),(92,60,11),(93,61,24),(94,61,2),(95,61,14),(96,62,19),(97,63,6),(98,63,25),(99,64,12),(100,64,26),(101,64,2),(102,65,6),(103,66,16),(104,66,6),(105,67,16),(106,67,6),(107,68,27),(108,68,2),(109,69,5),(110,69,24),(111,69,2),(112,69,14),(113,70,15),(114,70,14),(115,71,15),(116,71,14),(117,72,3),(118,73,3),(119,74,15),(120,74,28),(121,75,22),(122,75,3),(123,75,2),(124,76,6),(125,76,7),(126,77,6),(127,78,0),(128,78,1),(129,78,29),(130,79,5),(131,79,26),(132,80,3),(133,80,4),(134,81,3),(135,81,2),(136,81,17),(137,82,30),(138,83,0),(139,83,2),(140,83,20),(141,84,31),(142,84,6),(143,85,15),(144,85,6),(145,86,5),(146,86,2),(147,86,7),(148,87,5),(149,87,2),(150,87,7),(151,88,2),(152,89,2),(153,90,32),(154,90,31),(155,90,25),(156,91,33),(157,91,34),(158,91,6),(159,92,27),(160,92,1),(161,92,17),(162,93,16),(163,93,2),(164,94,16),(165,94,6),(166,95,16),(167,96,35),(168,97,5),(169,98,15),(170,98,16),(171,98,6),(172,99,10),(173,100,10),(174,101,22),(175,102,36),(176,103,7),(177,104,7),(178,105,7),(179,106,6),(180,107,3),(181,107,20),(182,107,35),(183,108,10),(184,108,26),(185,109,10),(186,109,26),(187,110,10),(188,110,26),(189,111,2),(190,112,7),(191,113,6),(192,113,7),(193,114,37),(194,114,31),(195,114,6),(196,115,5),(197,115,3),(198,116,5),(199,116,3),(200,117,12),(201,117,3),(202,117,2),(203,118,5),(204,118,3),(205,118,2),(206,119,16),(207,120,16),(208,121,16),(209,122,38),(210,123,8),(211,123,6),(212,124,12),(213,124,38),(214,124,2),(215,125,12),(216,125,6),(217,126,2),(218,127,39),(219,127,28),(220,128,10),(221,128,11),(222,128,25),(223,129,6),(224,130,31),(225,130,6),(226,131,16),(227,131,6),(228,132,37),(229,132,6),(230,132,28),(231,133,5),(232,133,24),(233,133,14),(234,134,3),(235,134,38),(236,134,4),(237,135,3),(238,135,30),(239,136,6),(240,137,5),(241,137,16),(242,138,5),(243,138,16),(244,139,5),(245,139,24),(246,139,14),(247,140,5),(248,140,24),(249,140,14),(250,141,40),(251,141,11),(252,142,6),(253,143,6),(254,144,2),(255,144,6),(256,145,2),(257,145,6),(258,146,3),(259,147,6),(260,148,6),(261,149,6),(262,150,6),(263,151,23),(264,151,6),(265,152,10),(266,153,0),(267,153,24),(268,153,2),(269,153,29),(270,154,24),(271,154,2),(272,154,14),(273,155,41),(274,155,36),(275,156,40),(276,156,6),(277,157,40),(278,157,6),(279,158,40),(280,158,6),(281,159,42),(282,160,0),(283,160,2),(284,161,6),(285,162,31),(286,163,36),(287,164,30),(288,165,30),(289,166,30),(290,167,2),(291,167,43),(292,168,2),(293,169,5),(294,169,31),(295,169,13),(296,170,5),(297,170,31),(298,170,13),(299,171,39),(300,171,6),(301,172,40),(302,172,11),(303,172,13),(304,173,6),(305,174,3),(306,174,1),(307,175,3),(308,175,1),(309,176,41),(310,176,30),(311,177,41),(312,177,30),(313,178,2),(314,179,3),(315,180,5),(316,180,14),(317,181,6),(318,182,6),(319,183,41),(320,183,1),(321,183,36),(322,184,30),(323,184,20),(324,185,1),(325,186,1),(326,187,44),(327,187,6),(328,188,6),(329,189,15),(330,189,6),(331,189,19),(332,190,27),(333,190,1),(334,191,16),(335,192,6),(336,193,16),(337,194,16),(338,195,41),(339,196,3),(340,196,11),(341,197,3),(342,197,11),(343,198,0),(344,198,2),(345,198,20),(346,199,23),(347,199,6),(348,199,19),(349,200,10),(350,201,2),(351,202,3),(352,203,15),(353,203,6),(354,203,7),(355,204,12),(356,204,2),(357,205,2),(358,206,21),(359,207,21),(360,208,6),(361,209,3),(362,209,38),(363,209,4),(364,210,40),(365,210,16),(366,211,6),(367,211,7),(368,212,45),(369,213,15),(370,213,6),(371,213,28),(372,214,15),(373,214,6),(374,214,28),(375,215,6),(376,215,25),(377,216,2),(378,217,5),(379,217,1),(380,217,26),(381,218,6),(382,219,10),(383,220,30),(384,220,2),(385,221,46),(386,222,10),(387,223,10),(388,224,10),(389,225,6),(390,226,6),(391,227,5),(392,227,15),(393,227,39),(394,228,15),(395,228,6),(396,228,43),(397,229,20),(398,230,3),(399,230,43),(400,231,5),(401,231,0),(402,231,3),(403,231,35),(404,232,0),(405,233,33),(406,233,26),(407,234,12),(408,234,38),(409,234,6),(410,235,22),(411,236,3),(412,237,2),(413,238,3),(414,238,30),(415,239,3),(416,239,30),(417,240,2),(418,241,10),(419,241,11),(420,241,6),(421,242,33),(422,242,15),(423,242,6),(424,243,5),(425,244,2),(426,245,2),(427,246,3),(428,246,16),(429,247,38),(430,248,38),(431,249,38),(432,250,38),(433,251,2),(434,251,6),(435,252,26),(436,253,26),(437,254,6),(438,255,6),(439,256,41),(440,256,36),(441,257,15),(442,257,25),(443,258,24),(444,258,2),(445,258,14),(446,259,24),(447,259,2),(448,259,14),(449,260,10),(450,260,2),(451,261,2),(452,262,6),(453,263,33),(454,263,25),(455,264,6),(456,265,6),(457,266,47),(458,267,5),(459,267,2),(460,267,17),(461,267,13),(462,268,19),(463,269,19),(464,270,19),(465,271,6),(466,272,3),(467,273,6),(468,274,12),(469,274,6),(470,275,12),(471,275,6),(472,276,12),(473,276,6),(474,277,12),(475,277,6),(476,277,7),(477,278,6),(478,278,7),(479,279,40),(480,279,23),(481,279,6),(482,280,23),(483,280,6),(484,281,23),(485,281,6),(486,282,6),(487,283,6),(488,284,8),(489,284,2),(490,285,39),(491,285,28),(492,286,39),(493,286,28),(494,287,43),(495,288,3),(496,289,2),(497,290,12),(498,290,6),(499,291,12),(500,291,6),(501,292,12),(502,293,40),(503,293,11),(504,293,6),(505,294,40),(506,294,11),(507,294,6),(508,295,10),(509,296,10),(510,297,32),(511,298,31),(512,298,6),(513,299,6),(514,300,6),(515,301,0),(516,301,2),(517,302,2),(518,302,29),(519,303,41),(520,304,22),(521,304,26),(522,305,15),(523,305,28),(524,306,27),(525,307,27),(526,308,6),(527,309,6),(528,310,6),(529,311,6),(530,312,41),(531,312,2),(532,312,43),(533,313,29),(534,314,5),(535,315,42),(536,316,2),(537,316,6),(538,317,6),(539,318,6),(540,319,6),(541,320,2),(542,321,2),(543,322,42),(544,323,6),(545,323,7),(546,324,6),(547,324,7),(548,325,5),(549,325,26),(550,325,2),(551,325,14),(552,326,3),(553,327,15),(554,327,6),(555,328,15),(556,328,6),(557,329,3),(558,330,26),(559,331,26),(560,332,26),(561,333,26),(562,334,10),(563,335,45),(564,336,35),(565,337,2),(566,338,2),(567,339,2),(568,340,2),(569,341,2),(570,342,7),(571,343,7),(572,344,15),(573,344,6),(574,345,15),(575,345,6),(576,346,15),(577,346,6),(578,347,22),(579,348,22),(580,349,48),(581,350,36),(582,350,28),(583,351,3),(584,352,42),(585,353,42),(586,354,42),(587,355,42),(588,355,6),(589,356,45),(590,357,23),(591,357,18),(592,357,6),(593,358,5),(594,359,35),(595,360,3),(596,360,41),(597,360,49),(598,361,6),(599,362,47),(600,363,2),(601,363,6),(602,364,5),(603,364,13),(604,365,6),(605,366,6),(606,367,48),(607,368,48),(608,369,30),(609,370,6),(610,371,6),(611,372,2),(612,372,29),(613,373,6),(614,374,3),(615,375,38),(616,376,21),(617,376,2),(618,377,21),(619,377,2),(620,378,3),(621,378,35),(622,379,3),(623,379,1),(624,380,3),(625,380,30),(626,381,3),(627,381,30),(628,382,2),(629,383,7),(630,384,22),(631,385,6),(632,386,45),(633,387,45),(634,388,45),(635,389,6),(636,390,3),(637,391,10),(638,391,11),(639,392,31),(640,392,2),(641,393,3),(642,394,22),(643,395,3),(644,395,36),(645,396,10),(646,396,12),(647,396,30),(648,396,6),(649,397,11),(650,398,6),(651,399,41),(652,399,2),(653,399,43);
/*!40000 ALTER TABLE `manga_tema` ENABLE KEYS */;
UNLOCK TABLES;

--
-- Table structure for table `mangas`
--

DROP TABLE IF EXISTS `mangas`;
/*!40101 SET @saved_cs_client     = @@character_set_client */;
/*!50503 SET character_set_client = utf8mb4 */;
CREATE TABLE `mangas` (
  `ID_MANGA` int NOT NULL,
  `VOLUMENES` int DEFAULT NULL,
  `CAPITULOS` int DEFAULT NULL,
  `STATUS` varchar(100) DEFAULT NULL,
  `ESTRENO` datetime DEFAULT NULL,
  `EDITORIAL` varchar(100) DEFAULT NULL,
  `LECTORES` int DEFAULT NULL,
  PRIMARY KEY (`ID_MANGA`)
) ENGINE=InnoDB DEFAULT CHARSET=utf8mb4 COLLATE=utf8mb4_0900_ai_ci;
/*!40101 SET character_set_client = @saved_cs_client */;

--
-- Dumping data for table `mangas`
--

LOCK TABLES `mangas` WRITE;
/*!40000 ALTER TABLE `mangas` DISABLE KEYS */;
INSERT INTO `mangas` VALUES (0,NULL,NULL,' Publishing','1989-08-25 00:00:00','\rYoung Animal',753701),(1,24,96,' Finished','2004-01-19 00:00:00','\rUltra Jump',296398),(2,37,327,' Hiatus','1998-09-03 00:00:00','\rMorning',427229),(3,NULL,NULL,' Publishing','1997-07-22 00:00:00','\rShounen Jump (Weekly)',664863),(4,18,162,' Finished','1994-12-05 00:00:00','\rBig Comic Original',272221),(5,31,276,' Finished','1990-09-18 00:00:00','\rShounen Jump (Weekly)',189592),(6,NULL,NULL,' Publishing','2005-04-13 00:00:00','\rAfternoon',335110),(7,27,116,' Finished','2001-07-12 00:00:00','\rShounen Gangan',311511),(8,NULL,NULL,' Publishing','2014-04-07 00:00:00','\rgood! Afternoon',190799),(9,NULL,NULL,' Publishing','2006-01-26 00:00:00','\rYoung Jump',188737),(10,13,147,' Finished','2007-03-15 00:00:00','\rBig Comic Spirits',487704),(11,13,108,' Finished','2012-10-25 00:00:00','\rAfternoon',155876),(12,NULL,NULL,' Publishing','1999-10-28 00:00:00','\rYoung Jump',101909),(13,22,249,' Finished','1999-09-27 00:00:00','\rBig Comic Spirits',290902),(14,20,171,' Finished','1968-01-01 00:00:00','\rShounen Magazine (Weekly)',61446),(15,NULL,NULL,' Publishing','2003-03-21 00:00:00','\rDengeki Daioh',170559),(16,9,42,' Finished','2012-01-21 00:00:00','\rGangan Joker',22431),(17,28,281,' Finished','2015-05-19 00:00:00','\rYoung Jump',289958),(18,25,208,' Finished','1996-12-11 00:00:00','\rShounen Magazine (Weekly)',182714),(19,45,407,' Finished','2012-02-20 00:00:00','\rShounen Jump (Weekly)',233898),(20,NULL,NULL,' Publishing','2007-07-13 00:00:00','\rYoung Animal',76220),(21,NULL,NULL,' Publishing','2020-04-28 00:00:00','\rShounen Sunday',151524),(22,7,64,' Finished','2013-08-07 00:00:00','\rShounen Magazine (Weekly)',283349),(23,NULL,NULL,' Publishing','2009-08-05 00:00:00','\rHana to Yume',146127),(24,NULL,NULL,' Publishing','2021-10-21 00:00:00','\rMagazine pocket',103488),(25,21,84,' Hiatus','2000-05-26 00:00:00','\rCookie',160686),(26,7,59,' Finished','1982-10-09 00:00:00','\rAnimage',65309),(27,17,170,' Finished','2007-11-01 00:00:00','\rYoung Jump',131940),(28,14,102,' Finished','2014-02-15 00:00:00','\rHarta',99678),(29,3,18,' Finished','2016-08-10 00:00:00','\rShounen Jump+',181469),(30,NULL,NULL,' Publishing','1998-03-03 00:00:00','\rShounen Jump (Weekly)',297150),(31,NULL,NULL,' Publishing','1989-09-27 00:00:00','\rShounen Magazine (Weekly)',96474),(32,NULL,NULL,' Publishing','2007-12-06 00:00:00','\rMorning',40801),(33,NULL,NULL,' Publishing','2012-10-20 00:00:00','\rWeb Comic Gamma',174957),(34,6,47,' Finished','2014-02-21 00:00:00','\rKurage Bunch',80916),(35,NULL,NULL,' Publishing','2012-06-14 00:00:00','\rTonari no Young Jump',509833),(36,NULL,NULL,' Publishing','2019-11-15 00:00:00','\r    None',21085),(37,NULL,NULL,' Publishing','2012-08-04 00:00:00','\rJump SQ.',49392),(38,10,50,' Finished','1999-10-08 00:00:00','\rAfternoon',91796),(39,12,108,' Finished','2003-12-01 00:00:00','\rShounen Jump (Weekly)',415663),(40,34,103,' Finished','2000-02-17 00:00:00','\rShounen Magazine (Monthly)',87584),(41,NULL,NULL,' Publishing','2018-12-03 00:00:00','\rShounen Jump+',672894),(42,NULL,NULL,' Publishing','2020-05-25 00:00:00','\rAfternoon',19489),(43,23,190,' Finished','2000-11-30 00:00:00','\rGessan',192883),(44,6,120,' Finished','1982-12-06 00:00:00','\rYoung Magazine (Weekly)',142131),(45,NULL,NULL,' Publishing','2003-06-10 00:00:00','\rLaLa',48468),(46,NULL,NULL,' Publishing','2016-07-22 00:00:00','\rMorning Two',113484),(47,NULL,NULL,' Publishing','2017-05-25 00:00:00','\rBig Gangan',81423),(48,8,50,' Finished','2015-04-27 00:00:00','\rDengeki Daioh',116185),(49,4,22,' Finished','2019-12-26 00:00:00','\rShounen Ace',19978),(50,6,32,' Finished','2020-05-18 00:00:00','\rComic Yuri Hime',25515),(51,14,142,' Finished','1994-04-25 00:00:00','\rAfternoon',81714),(52,77,709,' Finished','2003-12-08 00:00:00','\rShounen Jump (Weekly)',100987),(53,1,NULL,' Finished','2022-04-11 00:00:00','\rShounen Jump+',143822),(54,15,238,' Finished','2013-10-12 00:00:00','\rcomico',170788),(55,31,314,' Finished','2014-08-21 00:00:00','\rYoung Jump',103156),(56,28,142,' Finished',NULL,'\rManga Action',51440),(57,9,48,' Finished','2011-04-13 00:00:00','\rShounen Gangan',16665),(58,NULL,NULL,' Publishing','2015-01-05 00:00:00','\rBig Comic Spirits',38663),(59,8,65,' Finished','2003-09-09 00:00:00','\rBig Comic Original',132383),(60,12,67,' Finished','2002-02-28 00:00:00','\rComic Blade',42756),(61,49,541,' Finished','2006-05-11 00:00:00','\rYoung Jump',48762),(62,16,109,' Finished','2012-04-18 00:00:00','\rMangaONE',125094),(63,NULL,NULL,' Publishing','2017-06-24 00:00:00','\rAfternoon',136783),(64,19,110,' Finished','1985-04-13 00:00:00','\rBetsucomi',63038),(65,NULL,NULL,' Publishing','2018-08-25 00:00:00','\rAfternoon',47504),(66,4,26,' Finished','2017-10-20 00:00:00','\rGene pixiv',32520),(67,11,44,' Finished','2011-04-06 00:00:00','\rShounen Magazine (Monthly)',85060),(68,14,97,' Finished','1994-12-26 00:00:00','\rYoung Ace',121480),(69,16,155,' Finished','2013-06-03 00:00:00','\rYoung Magazine (Weekly)',11258),(70,18,174,' Finished','1992-04-21 00:00:00','\rShounen Jump (Weekly)',109603),(71,50,252,' Finished','2007-12-28 00:00:00','\rBe-Love',51690),(72,24,107,' Finished','2006-05-18 00:00:00','\rGFantasy',184646),(73,NULL,NULL,' Publishing','2008-10-14 00:00:00','\rAokishi',78033),(74,NULL,NULL,' Publishing','2002-02-15 00:00:00','\rHana to Yume',94560),(75,20,165,' Finished','2008-10-16 00:00:00','\rMorning',79002),(76,34,309,' Finished','2015-08-19 00:00:00','\rShounen Magazine (Weekly)',18950),(77,NULL,NULL,' Publishing','2014-12-18 00:00:00','\rGFantasy',123598),(78,34,141,' Finished','2009-09-09 00:00:00','\rBessatsu Shounen Magazine',677084),(79,22,240,' Finished','2014-11-01 00:00:00','\rYoung Magazine (Weekly)',58949),(80,28,259,' Finished','1994-04-12 00:00:00','\rShounen Jump (Weekly)',102271),(81,16,19,' Finished','1966-12-20 00:00:00','\rManga Shounen',25474),(82,25,154,' Finished','2008-02-20 00:00:00','\rHana to Yume',93783),(83,14,144,' Finished','2011-09-08 00:00:00','\rYoung Jump',536417),(84,NULL,NULL,' Publishing','2016-02-26 00:00:00','\rGene pixiv',40308),(85,23,136,' Finished','1998-07-18 00:00:00','\rHana to Yume',148675),(86,5,55,' Finished',NULL,'\rBig Comic Spirits',24092),(87,20,175,' Finished','1998-11-14 00:00:00','\rBusiness Jump',38037),(88,NULL,NULL,' Publishing','2021-04-26 00:00:00','\rBig Comic Spirits',20629),(89,6,27,' Finished','2010-10-22 00:00:00','\rGangan Joker',17239),(90,5,34,' Finished','2011-11-28 00:00:00','\rCocohana',29270),(91,18,87,' Finished','2002-07-24 00:00:00','\rLaLa',133084),(92,24,112,' Finished','2001-06-25 00:00:00','\rGundam Ace',17898),(93,1,8,' Finished','2008-03-28 00:00:00','\rComic Bunch',120595),(94,9,58,' Finished','2013-04-30 00:00:00','\rCheri+',67595),(95,10,80,' Finished','2013-05-10 00:00:00','\rBig Comic',25422),(96,22,193,' Finished','2018-03-14 00:00:00','\rShounen Magazine (Weekly)',42437),(97,NULL,NULL,' Publishing','2019-07-24 00:00:00','\rDessert',57395),(98,9,45,' Finished','2007-09-28 00:00:00','\rFlowers (Monthly)',32739),(99,2,10,' Finished','2016-08-25 00:00:00','\rMonthly Action',48871),(100,NULL,NULL,' Publishing','2019-03-25 00:00:00','\rShounen Jump+',321851),(101,NULL,NULL,' Publishing','2012-12-04 00:00:00','\rYoung Ace',98408),(102,6,45,' Finished','2012-05-30 00:00:00','\rYoung King OURs',48148),(103,27,110,' Finished','2011-05-19 00:00:00','\rUltra Jump',163045),(104,NULL,21,' Finished',NULL,'\r    None',49776),(105,NULL,NULL,' Publishing','2018-08-01 00:00:00','\rShounen Magazine (Weekly)',200738),(106,5,49,' Finished','2019-01-26 00:00:00','\rComic Cune',24146),(107,NULL,NULL,' Publishing','2015-12-22 00:00:00','\rGangan Joker',71173),(108,6,26,' Finished','2014-11-22 00:00:00','\rDessert',39683),(109,2,12,' Finished','2018-02-28 00:00:00','\rOpera',9945),(110,19,117,' Finished','2010-06-15 00:00:00','\rHarta',58185),(111,4,23,' Finished','2015-03-06 00:00:00','\rHiBaNa',66585),(112,37,333,' Finished','2002-07-23 00:00:00','\rShounen Jump (Weekly)',80506),(113,17,170,' Finished','2005-09-02 00:00:00','\rShounen Sunday',23791),(114,26,271,' Finished','2008-04-09 00:00:00','\rShounen Sunday',113115),(115,NULL,NULL,' Publishing','2021-04-06 00:00:00','\rShounen Jump+',187659),(116,16,108,' Finished','2007-09-27 00:00:00','\rDengeki Maoh',44390),(117,22,235,' Finished','2002-11-21 00:00:00','\rYoung Sunday (Weekly)',39772),(118,NULL,NULL,' Publishing','2016-08-04 00:00:00','\rJump SQ.',40337),(119,NULL,NULL,' Publishing','2020-06-11 00:00:00','\rYoung Jump',4598),(120,6,26,' Finished','2010-11-18 00:00:00','\rGFantasy',15103),(121,NULL,NULL,' Publishing','2023-04-19 00:00:00','\r    None',42493),(122,42,520,' Finished','1984-11-20 00:00:00','\rShounen Jump (Weekly)',174193),(123,45,821,' Finished',NULL,'\r    None',17286),(124,18,182,' Finished','2000-10-13 00:00:00','\rYoung Animal',93300),(125,38,366,' Finished',NULL,'\rShounen Sunday',23082),(126,2,16,' Finished','2006-12-25 00:00:00','\rBig Comic Spirits',103516),(127,49,NULL,' Hiatus',NULL,'\rBessatsu Hana to Yume',13335),(128,20,150,' Finished','2008-02-22 00:00:00','\rShounen Gangan',44427),(129,NULL,NULL,' Publishing','2019-03-15 00:00:00','\rComic Gene',12212),(130,NULL,NULL,' Publishing','2011-08-25 00:00:00','\rGangan Online',84020),(131,NULL,NULL,' Publishing','2013-10-25 00:00:00','\rBig Gangan',21728),(132,NULL,NULL,' Publishing','2023-09-20 00:00:00','\rShounen Magazine (Weekly)',17364),(133,13,158,' Finished','1996-02-10 00:00:00','\rYoung Magazine (Weekly)',22963),(134,30,207,' Finished','1993-06-25 00:00:00','\rAfternoon',87648),(135,NULL,NULL,' Publishing','2006-09-16 00:00:00','\rGFantasy',166102),(136,17,139,' Finished','2011-10-18 00:00:00','\rGFantasy',349296),(137,1,NULL,' Finished','2021-07-19 00:00:00','\rShounen Jump+',115061),(138,25,150,' Finished','2001-07-10 00:00:00','\rKiss',29245),(139,27,112,' Finished','1990-08-11 00:00:00','\rBetsucomi',26565),(140,13,134,' Finished',NULL,'\rYoung Magazine (Weekly)',12657),(141,NULL,NULL,' Publishing','2015-05-23 00:00:00','\rManga Time Kirara Forward',21118),(142,NULL,NULL,' Publishing','2017-11-07 00:00:00','\rgood! Afternoon',23762),(143,14,125,' Finished','2019-05-20 00:00:00','\rBig Comic Spirits',54815),(144,11,56,' Finished','2017-06-08 00:00:00','\rFeel Young',9079),(145,4,31,' Finished',NULL,'\r    None',147180),(146,12,88,' Finished','2015-05-20 00:00:00','\rGrand Jump',33393),(147,3,9,' Finished','2016-05-27 00:00:00','\rComic Alive',94680),(148,NULL,NULL,' Publishing','2021-06-12 00:00:00','\rComic Days',8896),(149,9,53,' Finished',NULL,'\rBusiness Jump',88679),(150,18,98,' Finished','2005-12-24 00:00:00','\rLaLa',170322),(151,NULL,NULL,' Publishing','2006-06-26 00:00:00','\rShounen Ace',42817),(152,5,44,' Finished','2006-06-02 00:00:00','\rComic Bunch',35379),(153,18,87,' Finished','2010-11-25 00:00:00','\rShounen Sunday Super',89379),(154,26,130,' Finished','2013-12-09 00:00:00','\rBessatsu Shounen Magazine',86827),(155,NULL,NULL,' Publishing','2015-03-26 00:00:00','\rShounen Sirius',140431),(156,3,12,' Finished','2017-09-23 00:00:00','\rMonthly Action',25325),(157,19,213,' Finished','2003-02-24 00:00:00','\rYoung Magazine (Weekly)',88616),(158,4,69,' Finished','1999-01-18 00:00:00','\rDengeki Daioh',58214),(159,12,50,' Finished','1996-05-02 00:00:00','\rNakayoshi',68057),(160,10,64,' Finished','1989-11-22 00:00:00','\rAfternoon',108180),(161,32,288,' Finished','2007-07-14 00:00:00','\rShounen Jump (Weekly)',34900),(162,20,176,' Finished','2008-08-11 00:00:00','\rShounen Jump (Weekly)',180995),(163,NULL,NULL,' Publishing','2023-10-05 00:00:00','\rComic Flapper',10590),(164,NULL,NULL,' Publishing','2018-09-06 00:00:00','\rYoung Jump',46774),(165,1,7,' Finished','2020-09-19 00:00:00','\rCanna Comics',5316),(166,27,109,' Finished','2010-12-06 00:00:00','\rShounen Magazine (Monthly)',192331),(167,9,49,' Finished','2012-06-04 00:00:00','\rYoung Ace',92172),(168,5,22,' Finished','2009-09-19 00:00:00','\rGangan Joker',17627),(169,1,6,' Finished','2021-08-20 00:00:00','\rfrom RED',6088),(170,11,105,' Finished','2015-04-30 00:00:00','\rComic POOL',143799),(171,NULL,NULL,' Publishing','2011-11-05 00:00:00','\rShounen Magazine (Monthly)',42230),(172,NULL,NULL,' Publishing','2011-01-19 00:00:00','\rManga Time Kirara MAX',7914),(173,9,39,' Finished','2019-06-13 00:00:00','\rBessatsu Margaret',21475),(174,4,24,' Finished','2022-09-26 00:00:00','\rShounen Ace',2596),(175,10,82,' Finished','1972-05-06 00:00:00','\rMargaret',20651),(176,33,323,' Finished','2001-01-10 00:00:00','\rShounen Sunday',35430),(177,14,57,' Finished','1991-09-24 00:00:00','\rLaLa',17262),(178,15,166,' Finished','2003-03-17 00:00:00','\rBig Comic Spirits',156152),(179,10,54,' Finished','1973-05-22 00:00:00','\rShounen Jump (Weekly)',13151),(180,18,164,' Finished',NULL,'\rKindai Mahjong Gold',7112),(181,NULL,NULL,' Publishing','2017-03-02 00:00:00','\rShounen Champion (Weekly)',65946),(182,15,131,' Finished','2011-04-06 00:00:00','\rShounen Sunday',44466),(183,NULL,NULL,' Publishing','2016-04-26 00:00:00','\rComp Ace',30971),(184,NULL,NULL,' Publishing','2013-11-30 00:00:00','\rComic Growl',95677),(185,NULL,NULL,' Publishing','2023-02-17 00:00:00','\rUltra Jump',47565),(186,NULL,NULL,' Publishing','2022-06-03 00:00:00','\rJump SQ.',10232),(187,NULL,NULL,' Publishing','2023-08-01 00:00:00','\rManga Action',7732),(188,17,68,' Finished','2001-08-13 00:00:00','\rBessatsu Margaret',67089),(189,31,183,' Finished','2002-09-05 00:00:00','\rHana to Yume',44537),(190,19,90,' Finished','2005-04-09 00:00:00','\rDragon Age',13177),(191,26,242,' Finished','1998-08-05 00:00:00','\rMorning',16982),(192,7,28,' Finished','2015-03-13 00:00:00','\rBessatsu Margaret',32635),(193,11,53,' Finished','2015-09-05 00:00:00','\rComic Garden',84762),(194,11,88,' Finished','2016-09-10 00:00:00','\rBig Comic',6297),(195,NULL,NULL,' Publishing','2022-07-26 00:00:00','\rDokodemo Young Champion',13388),(196,NULL,NULL,' Publishing','2019-12-20 00:00:00','\rTYPE-MOON Comic Ace',16693),(197,1,2,' Finished','2013-11-25 00:00:00','\rAfternoon',6549),(198,16,181,' Finished','2014-10-16 00:00:00','\rYoung Jump',305416),(199,26,290,' Finished','2012-05-14 00:00:00','\rShounen Jump (Weekly)',36078),(200,3,16,' Finished','2012-04-04 00:00:00','\rYoung Ace',26461),(201,15,59,' Finished','1996-01-13 00:00:00','\rBessatsu Friend',37445),(202,17,76,' Finished','2001-03-19 00:00:00','\rSunday Gene-X',36422),(203,26,257,' Finished','1981-08-05 00:00:00','\rShounen Sunday',15470),(204,11,90,' Finished',NULL,'\rBig Comic Original',28209),(205,10,65,' Finished','2005-06-30 00:00:00','\rYoung King OURs GH',61439),(206,24,126,' Finished',NULL,'\rCoroCoro Comic',4867),(207,25,243,' Finished','1973-11-19 00:00:00','\rShounen Champion (Weekly)',24790),(208,30,125,' Finished','2005-08-11 00:00:00','\rBessatsu Margaret',127561),(209,8,84,' Finished','2006-08-07 00:00:00','\rBig Comic Spirits',15794),(210,NULL,NULL,' Publishing','2017-12-19 00:00:00','\rManga Time Kirara MAX',27275),(211,NULL,NULL,' Publishing','2021-04-12 00:00:00','\rShounen Jump (Weekly)',89296),(212,NULL,NULL,' Publishing','2017-06-12 00:00:00','\rGangan pixiv',23673),(213,28,233,' Finished','2003-05-21 00:00:00','\rShounen Magazine (Weekly)',83158),(214,10,54,' Finished','1994-07-02 00:00:00','\rRibon Magazine',24222),(215,5,48,' Finished','1999-03-23 00:00:00','\rZipper',57537),(216,10,66,' Finished','1997-01-25 00:00:00','\rAfternoon',168684),(217,NULL,NULL,' Publishing','2002-04-19 00:00:00','\rSunday Gene-X',58954),(218,1,6,' Finished','2006-07-25 00:00:00','\rOpera',42235),(219,17,111,' Finished','2008-04-15 00:00:00','\rHana to Yume',61411),(220,6,29,' Finished','2009-10-01 00:00:00','\rGangan Online',16529),(221,NULL,NULL,' Publishing','2021-11-19 00:00:00','\rComic Lake',9336),(222,NULL,NULL,' Publishing','2012-06-28 00:00:00','\rOpera',12000),(223,NULL,NULL,' Publishing','2014-07-25 00:00:00','\ronBLUE',23694),(224,7,97,' Finished','2011-02-04 00:00:00','\rManga Club',9117),(225,NULL,NULL,' Publishing','2016-11-09 00:00:00','\rShounen Magazine (Weekly)',109302),(226,NULL,NULL,' Publishing','2016-10-26 00:00:00','\rGrand Jump Premium',30363),(227,10,31,' Finished','2010-03-25 00:00:00','\rITAN',10620),(228,7,38,' Finished','2012-03-13 00:00:00','\rMonthly Action',165332),(229,NULL,NULL,' Publishing','2004-05-31 00:00:00','\rJump SQ.Rise',165774),(230,28,96,' Finished','1995-01-05 00:00:00','\rSho-Comi',25956),(231,10,92,' Finished','1997-04-30 00:00:00','\rYoung King OURs',102295),(232,27,159,' Finished','2001-06-06 00:00:00','\rJump SQ.',214374),(233,19,111,' Finished','1996-12-25 00:00:00','\rHana to Yume',19501),(234,15,89,' Finished','1992-05-07 00:00:00','\rShounen Jump (Monthly)',60429),(235,NULL,NULL,' Publishing','1994-01-05 00:00:00','\rShounen Sunday',63007),(236,14,66,' Finished',NULL,'\rComic Tom (Monthly)',17710),(237,4,21,' Finished','2006-06-26 00:00:00','\rGangan Wing',17284),(238,26,82,' Finished','1997-03-24 00:00:00','\rIchiraci',8614),(239,10,60,' Finished','2007-10-20 00:00:00','\rHana to Yume',45391),(240,6,25,' Finished','2008-06-18 00:00:00','\rGFantasy',12483),(241,NULL,NULL,' Publishing','2009-09-24 00:00:00','\rLaLa',26126),(242,23,148,' Finished','1996-08-20 00:00:00','\rHana to Yume',37965),(243,14,102,' Finished','1997-09-30 00:00:00','\rYoung King OURs',32185),(244,25,223,' Finished','2006-09-21 00:00:00','\rShounen Champion (Weekly)',17837),(245,4,16,' Finished','2006-06-22 00:00:00','\rGangan Powered',14232),(246,1,5,' Finished','2012-03-28 00:00:00','\rFlowers (Monthly)',7116),(247,NULL,NULL,' Publishing','2015-12-22 00:00:00','\rYoung Ace UP',7973),(248,16,80,' Finished','2007-05-12 00:00:00','\rBetsucomi',120298),(249,37,369,' Finished','2009-06-03 00:00:00','\rShounen Sunday',157672),(250,27,256,' Finished','2012-04-18 00:00:00','\rUra Sunday',62647),(251,9,45,' Finished','2004-10-25 00:00:00','\rIkki',16797),(252,1,7,' Finished','2021-07-16 00:00:00','\rCanna Comics',4731),(253,NULL,NULL,' Publishing','2023-09-12 00:00:00','\rBessatsu Shounen Champion',2732),(254,1,7,' Finished','2017-10-28 00:00:00','\rCanna',29062),(255,NULL,NULL,' Publishing','2018-03-08 00:00:00','\rManga Cross',61065),(256,NULL,NULL,' Publishing','2018-12-26 00:00:00','\rComp Ace',82165),(257,10,71,' Finished','2000-04-24 00:00:00','\rYoung You',26225),(258,4,35,' Finished','1999-05-18 00:00:00','\rGFantasy',12161),(259,19,203,' Finished','2005-02-17 00:00:00','\rYoung Jump',120138),(260,15,92,' Finished','2000-09-28 00:00:00','\rFor Mrs.',6601),(261,11,111,' Finished','2007-07-27 00:00:00','\rBig Comic Superior',3046),(262,16,121,' Finished','2015-07-09 00:00:00','\rShounen Magazine (Weekly)',64869),(263,17,93,' Finished','2008-10-25 00:00:00','\rKiss',45402),(264,6,37,' Finished','2010-12-25 00:00:00','\rIkki',23383),(265,21,187,' Finished','2012-07-02 00:00:00','\rShounen Jump (Weekly)',163108),(266,48,724,' Finished','1995-06-26 00:00:00','\rYoung Magazine (Weekly)',32593),(267,4,27,' Finished','1999-01-14 00:00:00','\rMorning',59917),(268,17,158,' Finished','1999-12-07 00:00:00','\rShounen Jump (Weekly)',211162),(269,5,47,' Finished','2000-02-01 00:00:00','\rBusiness Jump',17523),(270,NULL,NULL,' Publishing','2007-02-21 00:00:00','\rDengeki Daioh',30814),(271,30,272,' Finished','2018-03-05 00:00:00','\rShounen Jump (Weekly)',472891),(272,5,42,' Finished','2015-07-04 00:00:00','\rJump SQ.',26728),(273,1,7,' Finished','2013-11-08 00:00:00','\rLaLa DX',18551),(274,NULL,NULL,' Publishing','2021-08-31 00:00:00','\rYoung Ace UP',54386),(275,10,41,' Finished',NULL,'\rHorror M',36252),(276,31,267,' Finished','1990-09-26 00:00:00','\rShounen Magazine (Weekly)',23956),(277,24,233,' Finished','1998-02-03 00:00:00','\rShounen Jump (Weekly)',25982),(278,47,418,' Finished','2006-05-17 00:00:00','\rShounen Magazine (Weekly)',26093),(279,NULL,NULL,' Publishing','2008-06-18 00:00:00','\rComic Yuri Hime',16421),(280,9,35,' Finished','2011-01-28 00:00:00','\rARIA',50926),(281,7,138,' Finished','2009-05-21 00:00:00','\rGangan Online',27025),(282,4,19,' Finished','2012-05-19 00:00:00','\rUltra Jump',5162),(283,NULL,NULL,' Publishing','2013-05-22 00:00:00','\rRuTile',15919),(284,22,196,' Finished','2016-09-08 00:00:00','\rShounen Champion (Weekly)',118482),(285,3,19,' Finished','2016-10-22 00:00:00','\rCanna',8544),(286,12,123,' Discontinued','2018-01-22 00:00:00','\rShounen Jump (Weekly)',54263),(287,13,139,' Finished','2017-10-23 00:00:00','\rShounen Jump+',57358),(288,13,128,' Finished','2018-01-22 00:00:00','\rShounen Jump+',177735),(289,12,43,' Finished','1997-12-06 00:00:00','\rNakayoshi',17105),(290,NULL,NULL,' Publishing','2006-08-10 00:00:00','\rLaLa DX',73026),(291,26,98,' Finished',NULL,'\rShounen Champion (Monthly)',28746),(292,9,77,' Finished','2009-06-10 00:00:00','\rShounen Magazine (Weekly)',25934),(293,1,2,' Finished','1995-12-13 00:00:00','\rBetsucomi',4979),(294,16,125,' Finished','2009-09-26 00:00:00','\rComic Alive',13260),(295,6,41,' Finished','2017-07-04 00:00:00','\rYoung Ace',6636),(296,NULL,NULL,' Publishing','2015-11-24 00:00:00','\rOmegaverse Project',7656),(297,1,7,' Finished','2020-04-29 00:00:00','\rBunshun Online',8384),(298,21,127,' Finished','2002-04-25 00:00:00','\rAfternoon',42862),(299,10,66,' Finished','2002-03-28 00:00:00','\rComic ZERO-SUM',8878),(300,15,123,' Finished','2002-11-12 00:00:00','\rComic Beam',31022),(301,18,127,' Finished','1997-09-25 00:00:00','\rAfternoon',65798),(302,35,178,' Finished','2001-10-13 00:00:00','\rFlowers (Monthly)',26136),(303,27,82,' Finished','2003-08-20 00:00:00','\rIchiraci',9537),(304,12,108,' Finished',NULL,'\rBig Comic Superior',36662),(305,8,36,' Finished','2004-07-13 00:00:00','\rBessatsu Margaret',35125),(306,2,28,' Finished','2005-06-30 00:00:00','\rYoung Sunday (Weekly)',127819),(307,9,69,' Finished',NULL,'\r    None',2886),(308,12,212,' Finished','2014-08-09 00:00:00','\rShounen Magazine (Weekly)',60913),(309,16,81,' Finished','2012-05-25 00:00:00','\rShounen Sunday',31065),(310,12,101,' Finished','2014-04-28 00:00:00','\rBig Comic Spirits',82574),(311,NULL,NULL,' Publishing','2018-08-18 00:00:00','\rComic Yuri Hime',14886),(312,NULL,NULL,' Publishing','2019-09-27 00:00:00','\rComic Alive',5561),(313,27,237,' Finished','2017-03-06 00:00:00','\rShounen Jump (Weekly)',204432),(314,10,58,' Hiatus','2016-11-05 00:00:00','\rYoung Magazine (Monthly)',21527),(315,NULL,NULL,' Publishing','2014-06-28 00:00:00','\rManga Time Kirara Carat',10905),(316,11,58,' Finished','2009-09-09 00:00:00','\rBessatsu Shounen Magazine',172726),(317,13,53,' Finished','2010-04-24 00:00:00','\rDessert',96862),(318,7,86,' Finished','2004-12-09 00:00:00','\rManga Time Kirara',8138),(319,10,54,' Finished','2008-04-22 00:00:00','\rGangan Joker',49527),(320,NULL,NULL,' Publishing','2020-08-21 00:00:00','\rfrom RED',4552),(321,11,98,' Finished','2018-05-07 00:00:00','\rComic Days',49549),(322,18,61,' Finished','1991-12-28 00:00:00','\rNakayoshi',58296),(323,11,61,' Finished','1998-08-26 00:00:00','\rWings',20711),(324,34,338,' Finished',NULL,'\rShounen Sunday',12982),(325,36,306,' Finished',NULL,'\rKindai Mahjong',14827),(326,NULL,NULL,' Publishing','2003-01-25 00:00:00','\rAfternoon',27012),(327,NULL,NULL,' Publishing','2013-03-04 00:00:00','\rYoung Magazine (Weekly)',14739),(328,12,86,' Finished','2011-05-20 00:00:00','\rMargaret',95960),(329,9,99,' Finished','2013-01-31 00:00:00','\rYoung Jump',65679),(330,NULL,NULL,' Publishing','2021-01-08 00:00:00','\rComic it',6913),(331,19,176,' Finished','1990-11-20 00:00:00','\rShounen Jump (Weekly)',75585),(332,24,75,' Finished','1995-08-19 00:00:00','\rIchiraci',4686),(333,17,155,' Finished','1995-11-28 00:00:00','\rShounen Jump (Weekly)',116937),(334,1,9,' Finished','2015-11-21 00:00:00','\rRuTile',15820),(335,8,NULL,' Finished','2018-01-30 00:00:00','\rtwi4',9191),(336,20,203,' Finished','2019-08-28 00:00:00','\rShounen Sunday',104361),(337,NULL,NULL,' Publishing','2020-11-21 00:00:00','\rShounen Jump (Weekly)',139789),(338,18,93,' Finished','2013-09-12 00:00:00','\rGangan Online',13775),(339,4,28,' Finished','2014-09-25 00:00:00','\rMonthly Action',14108),(340,11,66,' Finished','2011-08-24 00:00:00','\rLaLa',103242),(341,8,35,' Finished','2008-06-22 00:00:00','\rGangan Powered',10941),(342,3,19,' Finished','1998-01-12 00:00:00','\rBig Comic Spirits',242780),(343,NULL,NULL,' Publishing','2003-09-25 00:00:00','\rAfternoon',10360),(344,1,9,' Finished','2004-10-20 00:00:00','\rWings',6356),(345,2,8,' Finished','2013-11-28 00:00:00','\rARIA',54383),(346,22,127,' Finished','2012-12-19 00:00:00','\rSunday Gene-X',10549),(347,NULL,NULL,' Publishing','2018-02-14 00:00:00','\rShounen Sunday',89693),(348,4,15,' Finished','2018-03-09 00:00:00','\rYoung Ace UP',8122),(349,NULL,NULL,' Publishing','2019-03-07 00:00:00','\rGanma!',60662),(350,16,168,' Finished','2020-04-23 00:00:00','\rYoung Jump',203324),(351,8,62,' Finished','2020-09-14 00:00:00','\rBig Comic Spirits',13995),(352,1,2,' Finished','2016-11-05 00:00:00','\r    None',9524),(353,3,13,' Finished','2012-04-04 00:00:00','\rJump SQ.',16798),(354,NULL,NULL,' Publishing','2012-05-26 00:00:00','\rComp Ace',10779),(355,3,12,' Finished','2012-06-12 00:00:00','\r    None',17656),(356,NULL,NULL,' Publishing','2012-04-06 00:00:00','\rHana LaLa online',11205),(357,30,302,' Finished','2005-04-27 00:00:00','\rShounen Magazine (Weekly)',32992),(358,15,162,' Finished','1980-10-14 00:00:00','\rBig Comic Spirits',19808),(359,10,74,' Finished','2003-08-21 00:00:00','\rDengeki Daioh',43718),(360,12,40,' Finished','2003-03-15 00:00:00','\rSho-Comi Zoukan',13336),(361,20,97,' Finished','2007-03-26 00:00:00','\rShounen Ace',45441),(362,32,119,' Finished','2003-02-06 00:00:00','\rShounen Magazine (Monthly)',5900),(363,18,105,' Finished','2002-10-24 00:00:00','\rAfternoon',15033),(364,11,104,' Finished','2018-06-21 00:00:00','\rMorning',46631),(365,NULL,NULL,' Publishing','2017-11-28 00:00:00','\rFlowers (Monthly)',12464),(366,NULL,NULL,' Publishing','2019-02-18 00:00:00','\rComic Yuri Hime',39066),(367,10,79,' Finished','2019-03-25 00:00:00','\rBig Comic Spirits',13473),(368,NULL,NULL,' Publishing','2020-07-15 00:00:00','\rShounen Magazine (Weekly)',25652),(369,16,81,' Finished','2008-06-04 00:00:00','\rJump SQ.',20610),(370,12,111,' Finished','2014-05-05 00:00:00','\rUra Sunday',43313),(371,1,6,' Finished','2013-12-21 00:00:00','\rCanna',34664),(372,20,181,' Finished','2016-08-01 00:00:00','\rShounen Jump (Weekly)',324570),(373,21,108,' Finished','1995-12-22 00:00:00','\rLaLa',40791),(374,10,72,' Finished','2001-12-12 00:00:00','\rComic Beam',30704),(375,19,124,' Finished','2001-07-19 00:00:00','\rUltra Jump',26189),(376,15,88,' Finished','2004-12-04 00:00:00','\rHana to Yume',20213),(377,25,210,' Finished','2002-11-01 00:00:00','\rBig Comic Superior',13859),(378,7,69,' Finished','1987-10-20 00:00:00','\rShounen Jump (Weekly)',112156),(379,4,36,' Finished','1982-12-22 00:00:00','\rShuukan Bunshun',25773),(380,16,130,' Finished','2005-03-30 00:00:00','\rYoung King OURs',11043),(381,17,100,' Finished','2007-12-28 00:00:00','\rBlade Online',20563),(382,17,55,' Finished','1992-05-26 00:00:00','\rPetit Flower',10723),(383,78,747,' Finished','1994-07-13 00:00:00','\rShounen Sunday',7748),(384,11,43,' Finished','2006-10-20 00:00:00','\rIchiraci',11374),(385,17,103,' Finished','2004-09-24 00:00:00','\rGFantasy',11911),(386,NULL,NULL,' Publishing','2018-01-25 00:00:00','\rAfternoon',40069),(387,NULL,NULL,' Publishing','2018-08-17 00:00:00','\rMangaONE',21591),(388,1,4,' Finished','2008-07-22 00:00:00','\rManga Action',21113),(389,11,93,' Finished','2010-04-30 00:00:00','\rYoung King OURs',45183),(390,23,207,' Finished','2016-02-15 00:00:00','\rShounen Jump (Weekly)',472910),(391,12,63,' Finished','2013-02-07 00:00:00','\rgood! Afternoon',26845),(392,8,40,' Finished','2003-12-26 00:00:00','\rShounen Ace',61505),(393,8,48,' Finished','2001-05-02 00:00:00','\rHana to Yume',20657),(394,35,193,' Finished','1985-02-26 00:00:00','\rShounen Jump (Weekly)',17591),(395,9,54,' Finished','2006-02-01 00:00:00','\rHana to Yume',12527),(396,28,250,' Finished','2009-02-23 00:00:00','\rShounen Jump (Weekly)',119354),(397,NULL,NULL,' Publishing','2011-04-30 00:00:00','\rHarta',9498),(398,13,53,' Finished','2011-01-13 00:00:00','\rBessatsu Margaret',198599),(399,11,55,' Finished','2015-05-27 00:00:00','\rComic Alive',12944);
/*!40000 ALTER TABLE `mangas` ENABLE KEYS */;
UNLOCK TABLES;

--
-- Table structure for table `ranks`
--

DROP TABLE IF EXISTS `ranks`;
/*!40101 SET @saved_cs_client     = @@character_set_client */;
/*!50503 SET character_set_client = utf8mb4 */;
CREATE TABLE `ranks` (
  `ID_RANK` int NOT NULL,
  `RANK` int DEFAULT NULL,
  `TITULO` varchar(200) DEFAULT NULL,
  `CALIFICACION` decimal(3,2) DEFAULT NULL,
  `LINK` varchar(500) DEFAULT NULL,
  `ID_MANGA` int DEFAULT NULL,
  PRIMARY KEY (`ID_RANK`),
  KEY `ID_MANGA_00_idx` (`ID_MANGA`),
  CONSTRAINT `ID_MANGA_00` FOREIGN KEY (`ID_MANGA`) REFERENCES `mangas` (`ID_MANGA`)
) ENGINE=InnoDB DEFAULT CHARSET=utf8mb4 COLLATE=utf8mb4_0900_ai_ci;
/*!40101 SET character_set_client = @saved_cs_client */;

--
-- Dumping data for table `ranks`
--

LOCK TABLES `ranks` WRITE;
/*!40000 ALTER TABLE `ranks` DISABLE KEYS */;
INSERT INTO `ranks` VALUES (0,1,'BERSERK',9.47,'HTTPS://MYANIMELIST.NET/MANGA/2/BERSERK',0),(1,2,'JOJO NO KIMYOU NA BOUKEN PART 7: STEEL BALL RUN',9.32,'HTTPS://MYANIMELIST.NET/MANGA/1706/JOJO_NO_KIMYOU_NA_BOUKEN_PART_7__STEEL_BALL_RUN',1),(2,3,'VAGABOND',9.27,'HTTPS://MYANIMELIST.NET/MANGA/656/VAGABOND',2),(3,4,'ONE PIECE',9.22,'HTTPS://MYANIMELIST.NET/MANGA/13/ONE_PIECE',3),(4,5,'MONSTER',9.16,'HTTPS://MYANIMELIST.NET/MANGA/1/MONSTER',4),(5,6,'SLAM DUNK',9.08,'HTTPS://MYANIMELIST.NET/MANGA/51/SLAM_DUNK',5),(6,7,'VINLAND SAGA',9.08,'HTTPS://MYANIMELIST.NET/MANGA/642/VINLAND_SAGA',6),(7,8,'FULLMETAL ALCHEMIST',9.04,'HTTPS://MYANIMELIST.NET/MANGA/25/FULLMETAL_ALCHEMIST',7),(8,9,'GRAND BLUE',9.03,'HTTPS://MYANIMELIST.NET/MANGA/70345/GRAND_BLUE',8),(9,10,'KINGDOM',9.01,'HTTPS://MYANIMELIST.NET/MANGA/16765/KINGDOM',9),(10,11,'OYASUMI PUNPUN',8.99,'HTTPS://MYANIMELIST.NET/MANGA/4632/OYASUMI_PUNPUN',10),(11,12,'HOUSEKI NO KUNI',8.97,'HTTPS://MYANIMELIST.NET/MANGA/44489/HOUSEKI_NO_KUNI',11),(12,13,'REAL',8.95,'HTTPS://MYANIMELIST.NET/MANGA/657/REAL',12),(13,14,'20TH CENTURY BOYS',8.94,'HTTPS://MYANIMELIST.NET/MANGA/3/20TH_CENTURY_BOYS',13),(14,15,'ASHITA NO JOE',8.93,'HTTPS://MYANIMELIST.NET/MANGA/1303/ASHITA_NO_JOE',14),(15,16,'YOTSUBA TO!',8.91,'HTTPS://MYANIMELIST.NET/MANGA/104/YOTSUBA_TO',15),(16,17,'UMINEKO NO NAKU KORO NI CHIRU - EPISODE 8: TWILIGHT OF THE GOLDEN WITCH',8.89,'HTTPS://MYANIMELIST.NET/MANGA/34053/UMINEKO_NO_NAKU_KORO_NI_CHIRU_-_EPISODE_8__TWILIGHT_OF_THE_GOLDEN_WITCH',16),(17,18,'KAGUYA-SAMA WA KOKURASETAI: TENSAI-TACHI NO RENAI ZUNOUSEN',8.89,'HTTPS://MYANIMELIST.NET/MANGA/90125/KAGUYA-SAMA_WA_KOKURASETAI__TENSAI-TACHI_NO_RENAI_ZUNOUSEN',17),(18,19,'GTO',8.87,'HTTPS://MYANIMELIST.NET/MANGA/336/GTO',18),(19,20,'HAIKYUU!!',8.86,'HTTPS://MYANIMELIST.NET/MANGA/35243/HAIKYUU',19),(20,21,'3-GATSU NO LION',8.85,'HTTPS://MYANIMELIST.NET/MANGA/1224/3-GATSU_NO_LION',20),(21,22,'SOUSOU NO FRIEREN',8.85,'HTTPS://MYANIMELIST.NET/MANGA/126287/SOUSOU_NO_FRIEREN',21),(22,23,'KOE NO KATACHI',8.85,'HTTPS://MYANIMELIST.NET/MANGA/56805/KOE_NO_KATACHI',22),(23,24,'AKATSUKI NO YONA',8.82,'HTTPS://MYANIMELIST.NET/MANGA/21525/AKATSUKI_NO_YONA',23),(24,25,'KAORU HANA WA RIN TO SAKU',8.82,'HTTPS://MYANIMELIST.NET/MANGA/144267/KAORU_HANA_WA_RIN_TO_SAKU',24),(25,26,'NANA',8.81,'HTTPS://MYANIMELIST.NET/MANGA/28/NANA',25),(26,27,'KAZE NO TANI NO NAUSICA',8.81,'HTTPS://MYANIMELIST.NET/MANGA/651/KAZE_NO_TANI_NO_NAUSICA',26),(27,28,'KOKOU NO HITO',8.81,'HTTPS://MYANIMELIST.NET/MANGA/7375/KOKOU_NO_HITO',27),(28,29,'DUNGEON MESHI',8.77,'HTTPS://MYANIMELIST.NET/MANGA/85781/DUNGEON_MESHI',28),(29,30,'JUMYOU WO KAITOTTE MORATTA. ICHINEN NI TSUKI, ICHIMANEN DE.',8.77,'HTTPS://MYANIMELIST.NET/MANGA/100448/JUMYOU_WO_KAITOTTE_MORATTA_ICHINEN_NI_TSUKI_ICHIMANEN_DE',29),(30,31,'HUNTER X HUNTER',8.76,'HTTPS://MYANIMELIST.NET/MANGA/26/HUNTER_X_HUNTER',30),(31,32,'HAJIME NO IPPO',8.74,'HTTPS://MYANIMELIST.NET/MANGA/7/HAJIME_NO_IPPO',31),(32,33,'UCHUU KYOUDAI',8.74,'HTTPS://MYANIMELIST.NET/MANGA/14483/UCHUU_KYOUDAI',32),(33,34,'MADE IN ABYSS',8.73,'HTTPS://MYANIMELIST.NET/MANGA/91941/MADE_IN_ABYSS',33),(34,35,'SHOUJO SHUUMATSU RYOKOU',8.72,'HTTPS://MYANIMELIST.NET/MANGA/72467/SHOUJO_SHUUMATSU_RYOKOU',34),(35,36,'ONE PUNCH-MAN',8.72,'HTTPS://MYANIMELIST.NET/MANGA/44347/ONE_PUNCH-MAN',35),(36,37,'VEIL',8.72,'HTTPS://MYANIMELIST.NET/MANGA/132678/VEIL',36),(37,38,'KONO OTO TOMARE!',8.70,'HTTPS://MYANIMELIST.NET/MANGA/45143/KONO_OTO_TOMARE',37),(38,39,'MUSHISHI',8.70,'HTTPS://MYANIMELIST.NET/MANGA/418/MUSHISHI',38),(39,40,'DEATH NOTE',8.69,'HTTPS://MYANIMELIST.NET/MANGA/21/DEATH_NOTE',39),(40,41,'BECK',8.69,'HTTPS://MYANIMELIST.NET/MANGA/145/BECK',40),(41,42,'CHAINSAW MAN',8.69,'HTTPS://MYANIMELIST.NET/MANGA/116778/CHAINSAW_MAN',41),(42,43,'MEDALIST',8.68,'HTTPS://MYANIMELIST.NET/MANGA/129621/MEDALIST',42),(43,44,'DOROHEDORO',8.68,'HTTPS://MYANIMELIST.NET/MANGA/1133/DOROHEDORO',43),(44,45,'AKIRA',8.66,'HTTPS://MYANIMELIST.NET/MANGA/664/AKIRA',44),(45,46,'NATSUME YUUJINCHOU',8.66,'HTTPS://MYANIMELIST.NET/MANGA/1859/NATSUME_YUUJINCHOU',45),(46,47,'TONGARI BOUSHI NO ATELIER',8.66,'HTTPS://MYANIMELIST.NET/MANGA/100035/TONGARI_BOUSHI_NO_ATELIER',46),(47,48,'KUSURIYA NO HITORIGOTO',8.66,'HTTPS://MYANIMELIST.NET/MANGA/107562/KUSURIYA_NO_HITORIGOTO',47),(48,49,'YAGATE KIMI NI NARU',8.65,'HTTPS://MYANIMELIST.NET/MANGA/88660/YAGATE_KIMI_NI_NARU',48),(49,50,'BUNGOU STRAY DOGS: BEAST',8.65,'HTTPS://MYANIMELIST.NET/MANGA/123006/BUNGOU_STRAY_DOGS__BEAST',49),(50,51,'KIMI TO TSUZURU UTAKATA',8.65,'HTTPS://MYANIMELIST.NET/MANGA/128365/KIMI_TO_TSUZURU_UTAKATA',50),(51,52,'YOKOHAMA KAIDASHI KIKOU',8.65,'HTTPS://MYANIMELIST.NET/MANGA/4/YOKOHAMA_KAIDASHI_KIKOU',51),(52,53,'GINTAMA',8.64,'HTTPS://MYANIMELIST.NET/MANGA/44/GINTAMA',52),(53,54,'SAYONARA ERI',8.64,'HTTPS://MYANIMELIST.NET/MANGA/145863/SAYONARA_ERI',53),(54,55,'RELIFE',8.63,'HTTPS://MYANIMELIST.NET/MANGA/78523/RELIFE',54),(55,56,'GOLDEN KAMUY',8.63,'HTTPS://MYANIMELIST.NET/MANGA/85968/GOLDEN_KAMUY',55),(56,57,'KOZURE OOKAMI',8.63,'HTTPS://MYANIMELIST.NET/MANGA/904/KOZURE_OOKAMI',56),(57,58,'UMINEKO NO NAKU KORO NI CHIRU - EPISODE 7: REQUIEM OF THE GOLDEN WITCH',8.63,'HTTPS://MYANIMELIST.NET/MANGA/23900/UMINEKO_NO_NAKU_KORO_NI_CHIRU_-_EPISODE_7__REQUIEM_OF_THE_GOLDEN_WITCH',57),(58,59,'AO ASHI',8.62,'HTTPS://MYANIMELIST.NET/MANGA/102256/AO_ASHI',58),(59,60,'PLUTO',8.62,'HTTPS://MYANIMELIST.NET/MANGA/745/PLUTO',59),(60,61,'ARIA',8.61,'HTTPS://MYANIMELIST.NET/MANGA/81/ARIA',60),(61,62,'USOGUI',8.61,'HTTPS://MYANIMELIST.NET/MANGA/9982/USOGUI',61),(62,63,'MOB PSYCHO 100',8.61,'HTTPS://MYANIMELIST.NET/MANGA/60783/MOB_PSYCHO_100',62),(63,64,'BLUE PERIOD',8.61,'HTTPS://MYANIMELIST.NET/MANGA/107931/BLUE_PERIOD',63),(64,65,'BANANA FISH',8.60,'HTTPS://MYANIMELIST.NET/MANGA/756/BANANA_FISH',64),(65,66,'SKIP TO LOAFER',8.60,'HTTPS://MYANIMELIST.NET/MANGA/118289/SKIP_TO_LOAFER',65),(66,67,'UMAREKAWATTEMO MATA, WATASHI TO KEKKON SHITEKUREMASU KA',8.59,'HTTPS://MYANIMELIST.NET/MANGA/114043/UMAREKAWATTEMO_MATA_WATASHI_TO_KEKKON_SHITEKUREMASU_KA',66),(67,68,'SHIGATSU WA KIMI NO USO',8.59,'HTTPS://MYANIMELIST.NET/MANGA/37707/SHIGATSU_WA_KIMI_NO_USO',67),(68,69,'SHINSEIKI EVANGELION',8.58,'HTTPS://MYANIMELIST.NET/MANGA/698/SHINSEIKI_EVANGELION',68),(69,70,'TOBAKU DATENROKU KAIJI: ONE POKER-HEN',8.58,'HTTPS://MYANIMELIST.NET/MANGA/61579/TOBAKU_DATENROKU_KAIJI__ONE_POKER-HEN',69),(70,71,'JOJO NO KIMYOU NA BOUKEN PART 4: DIAMOND WA KUDAKENAI',8.57,'HTTPS://MYANIMELIST.NET/MANGA/3006/JOJO_NO_KIMYOU_NA_BOUKEN_PART_4__DIAMOND_WA_KUDAKENAI',70),(71,72,'CHIHAYAFURU',8.57,'HTTPS://MYANIMELIST.NET/MANGA/13245/CHIHAYAFURU',71),(72,73,'PANDORA HEARTS',8.56,'HTTPS://MYANIMELIST.NET/MANGA/3031/PANDORA_HEARTS',72),(73,74,'OTOYOMEGATARI',8.56,'HTTPS://MYANIMELIST.NET/MANGA/11514/OTOYOMEGATARI',73),(74,75,'SKIP BEAT!',8.55,'HTTPS://MYANIMELIST.NET/MANGA/610/SKIP_BEAT',74),(75,76,'BILLY BAT',8.55,'HTTPS://MYANIMELIST.NET/MANGA/11054/BILLY_BAT',75),(76,77,'DIAMOND NO ACE ACT II',8.55,'HTTPS://MYANIMELIST.NET/MANGA/92559/DIAMOND_NO_ACE_ACT_II',76),(77,78,'JIBAKU SHOUNEN HANAKO-KUN',8.55,'HTTPS://MYANIMELIST.NET/MANGA/105084/JIBAKU_SHOUNEN_HANAKO-KUN',77),(78,79,'SHINGEKI NO KYOJIN',8.55,'HTTPS://MYANIMELIST.NET/MANGA/23390/SHINGEKI_NO_KYOJIN',78),(79,80,'THE FABLE',8.55,'HTTPS://MYANIMELIST.NET/MANGA/87844/THE_FABLE',79),(80,81,'RUROUNI KENSHIN: MEIJI KENKAKU ROMANTAN',8.54,'HTTPS://MYANIMELIST.NET/MANGA/22/RUROUNI_KENSHIN__MEIJI_KENKAKU_ROMANTAN',80),(81,82,'HI NO TORI (1967)',8.54,'HTTPS://MYANIMELIST.NET/MANGA/1325/HI_NO_TORI_1967',81),(82,83,'KAMISAMA HAJIMEMASHITA',8.54,'HTTPS://MYANIMELIST.NET/MANGA/8157/KAMISAMA_HAJIMEMASHITA',82),(83,84,'TOKYO GHOUL',8.54,'HTTPS://MYANIMELIST.NET/MANGA/33327/TOKYO_GHOUL',83),(84,85,'SASAKI TO MIYANO',8.53,'HTTPS://MYANIMELIST.NET/MANGA/101396/SASAKI_TO_MIYANO',84),(85,86,'FRUITS BASKET',8.53,'HTTPS://MYANIMELIST.NET/MANGA/102/FRUITS_BASKET',85),(86,87,'PING PONG',8.53,'HTTPS://MYANIMELIST.NET/MANGA/5744/PING_PONG',86),(87,88,'ONE OUTS',8.53,'HTTPS://MYANIMELIST.NET/MANGA/11327/ONE_OUTS',87),(88,89,'HIRAYASUMI',8.52,'HTTPS://MYANIMELIST.NET/MANGA/137303/HIRAYASUMI',88),(89,90,'UMINEKO NO NAKU KORO NI CHIRU - EPISODE 5: END OF THE GOLDEN WITCH',8.51,'HTTPS://MYANIMELIST.NET/MANGA/21498/UMINEKO_NO_NAKU_KORO_NI_CHIRU_-_EPISODE_5__END_OF_THE_GOLDEN_WITCH',89),(90,91,'KAKUKAKU SHIKAJIKA',8.50,'HTTPS://MYANIMELIST.NET/MANGA/44307/KAKUKAKU_SHIKAJIKA',90),(91,92,'OURAN KOUKOU HOST CLUB',8.50,'HTTPS://MYANIMELIST.NET/MANGA/30/OURAN_KOUKOU_HOST_CLUB',91),(92,93,'KIDOU SENSHI GUNDAM: THE ORIGIN',8.50,'HTTPS://MYANIMELIST.NET/MANGA/214/KIDOU_SENSHI_GUNDAM__THE_ORIGIN',92),(93,94,'WATASHITACHI NO SHIAWASE NA JIKAN',8.50,'HTTPS://MYANIMELIST.NET/MANGA/11734/WATASHITACHI_NO_SHIAWASE_NA_JIKAN',93),(94,95,'GIVEN',8.49,'HTTPS://MYANIMELIST.NET/MANGA/79085/GIVEN',94),(95,96,'BLUE GIANT',8.49,'HTTPS://MYANIMELIST.NET/MANGA/85719/BLUE_GIANT',95),(96,97,'BAKEMONOGATARI',8.49,'HTTPS://MYANIMELIST.NET/MANGA/113010/BAKEMONOGATARI',96),(97,98,'YUBISAKI TO RENREN',8.49,'HTTPS://MYANIMELIST.NET/MANGA/121504/YUBISAKI_TO_RENREN',97),(98,99,'SAKAMICHI NO APOLLON',8.49,'HTTPS://MYANIMELIST.NET/MANGA/28393/SAKAMICHI_NO_APOLLON',98),(99,100,'KIMI NO SUIZOU WO TABETAI',8.49,'HTTPS://MYANIMELIST.NET/MANGA/104538/KIMI_NO_SUIZOU_WO_TABETAI',99),(100,101,'SPY X FAMILY',8.48,'HTTPS://MYANIMELIST.NET/MANGA/119161/SPY_X_FAMILY',100),(101,102,'BUNGOU STRAY DOGS',8.48,'HTTPS://MYANIMELIST.NET/MANGA/56529/BUNGOU_STRAY_DOGS',101),(102,103,'SPIRIT CIRCLE',8.48,'HTTPS://MYANIMELIST.NET/MANGA/38071/SPIRIT_CIRCLE',102),(103,104,'JOJO NO KIMYOU NA BOUKEN PART 8: JOJOLION',8.47,'HTTPS://MYANIMELIST.NET/MANGA/25515/JOJO_NO_KIMYOU_NA_BOUKEN_PART_8__JOJOLION',103),(104,105,'CHIKAN OTOKO',8.47,'HTTPS://MYANIMELIST.NET/MANGA/46282/CHIKAN_OTOKO',104),(105,106,'BLUE LOCK',8.47,'HTTPS://MYANIMELIST.NET/MANGA/114745/BLUE_LOCK',105),(106,107,'SHIMEJI SIMULATION',8.47,'HTTPS://MYANIMELIST.NET/MANGA/117851/SHIMEJI_SIMULATION',106),(107,108,'VANITAS NO KARTE',8.47,'HTTPS://MYANIMELIST.NET/MANGA/93753/VANITAS_NO_KARTE',107),(108,109,'OHAYOU, IBARAHIME',8.47,'HTTPS://MYANIMELIST.NET/MANGA/88639/OHAYOU_IBARAHIME',108),(109,110,'BLANC',8.46,'HTTPS://MYANIMELIST.NET/MANGA/112988/BLANC',109),(110,111,'HINAMATSURI',8.46,'HTTPS://MYANIMELIST.NET/MANGA/36413/HINAMATSURI',110),(111,112,'SHIMANAMI TASOGARE',8.46,'HTTPS://MYANIMELIST.NET/MANGA/97244/SHIMANAMI_TASOGARE',111),(112,113,'EYESHIELD 21',8.46,'HTTPS://MYANIMELIST.NET/MANGA/43/EYESHIELD_21',112),(113,114,'CROSS GAME',8.46,'HTTPS://MYANIMELIST.NET/MANGA/1183/CROSS_GAME',113),(114,115,'KAMI NOMI ZO SHIRU SEKAI',8.46,'HTTPS://MYANIMELIST.NET/MANGA/7519/KAMI_NOMI_ZO_SHIRU_SEKAI',114),(115,116,'DANDADAN',8.45,'HTTPS://MYANIMELIST.NET/MANGA/135496/DANDADAN',115),(116,117,'OOKAMI TO KOUSHINRYOU',8.45,'HTTPS://MYANIMELIST.NET/MANGA/3299/OOKAMI_TO_KOUSHINRYOU',116),(117,118,'RAINBOW: NISHA ROKUBOU NO SHICHININ',8.45,'HTTPS://MYANIMELIST.NET/MANGA/7482/RAINBOW__NISHA_ROKUBOU_NO_SHICHININ',117),(118,119,'YUUKOKU NO MORIARTY',8.45,'HTTPS://MYANIMELIST.NET/MANGA/100323/YUUKOKU_NO_MORIARTY',118),(119,120,'UMA MUSUME CINDERELLA GRAY',8.44,'HTTPS://MYANIMELIST.NET/MANGA/133431/UMA_MUSUME_CINDERELLA_GRAY',119),(120,121,'UMINEKO NO NAKU KORO NI CHIRU - EPISODE 6: DAWN OF THE GOLDEN WITCH',8.44,'HTTPS://MYANIMELIST.NET/MANGA/21499/UMINEKO_NO_NAKU_KORO_NI_CHIRU_-_EPISODE_6__DAWN_OF_THE_GOLDEN_WITCH',120),(121,122,'KININATTERU HITO GA OTOKO JA NAKATTA',8.44,'HTTPS://MYANIMELIST.NET/MANGA/155861/KININATTERU_HITO_GA_OTOKO_JA_NAKATTA',121),(122,123,'DRAGON BALL',8.44,'HTTPS://MYANIMELIST.NET/MANGA/42/DRAGON_BALL',122),(123,124,'DORAEMON',8.44,'HTTPS://MYANIMELIST.NET/MANGA/1032/DORAEMON',123),(124,125,'HOLYLAND',8.44,'HTTPS://MYANIMELIST.NET/MANGA/3285/HOLYLAND',124),(125,126,'KYOU KARA ORE WA!!',8.44,'HTTPS://MYANIMELIST.NET/MANGA/6812/KYOU_KARA_ORE_WA',125),(126,127,'21ST CENTURY BOYS',8.43,'HTTPS://MYANIMELIST.NET/MANGA/743/21ST_CENTURY_BOYS',126),(127,128,'GLASS NO KAMEN',8.43,'HTTPS://MYANIMELIST.NET/MANGA/1469/GLASS_NO_KAMEN',127),(128,129,'BARAKAMON',8.43,'HTTPS://MYANIMELIST.NET/MANGA/17051/BARAKAMON',128),(129,130,'HIRANO TO KAGIURA',8.43,'HTTPS://MYANIMELIST.NET/MANGA/119279/HIRANO_TO_KAGIURA',129),(130,131,'GEKKAN SHOUJO NOZAKI-KUN',8.43,'HTTPS://MYANIMELIST.NET/MANGA/29211/GEKKAN_SHOUJO_NOZAKI-KUN',130),(131,132,'SHIORI EXPERIENCE: JIMI NA WATASHI TO HEN NA OJISAN',8.42,'HTTPS://MYANIMELIST.NET/MANGA/87397/SHIORI_EXPERIENCE__JIMI_NA_WATASHI_TO_HEN_NA_OJISAN',131),(132,133,'MAYONAKA HEART TUNE',8.42,'HTTPS://MYANIMELIST.NET/MANGA/162964/MAYONAKA_HEART_TUNE',132),(133,134,'TOBAKU MOKUSHIROKU KAIJI',8.42,'HTTPS://MYANIMELIST.NET/MANGA/3572/TOBAKU_MOKUSHIROKU_KAIJI',133),(134,135,'MUGEN NO JUUNIN',8.41,'HTTPS://MYANIMELIST.NET/MANGA/658/MUGEN_NO_JUUNIN',134),(135,136,'KUROSHITSUJI',8.41,'HTTPS://MYANIMELIST.NET/MANGA/3866/KUROSHITSUJI',135),(136,137,'HORIMIYA',8.41,'HTTPS://MYANIMELIST.NET/MANGA/42451/HORIMIYA',136),(137,138,'LOOK BACK',8.41,'HTTPS://MYANIMELIST.NET/MANGA/138673/LOOK_BACK',137),(138,139,'NODAME CANTABILE',8.40,'HTTPS://MYANIMELIST.NET/MANGA/419/NODAME_CANTABILE',138),(139,140,'BASARA',8.40,'HTTPS://MYANIMELIST.NET/MANGA/974/BASARA',139),(140,141,'TOBAKU HAKAIROKU KAIJI',8.40,'HTTPS://MYANIMELIST.NET/MANGA/3573/TOBAKU_HAKAIROKU_KAIJI',140),(141,142,'YURU CAMP',8.40,'HTTPS://MYANIMELIST.NET/MANGA/94376/YURU_CAMP',141),(142,143,'TOSHOKAN NO DAIMAJUTSUSHI',8.40,'HTTPS://MYANIMELIST.NET/MANGA/110771/TOSHOKAN_NO_DAIMAJUTSUSHI',142),(143,144,'KIMI WA HOUKAGO INSOMNIA',8.40,'HTTPS://MYANIMELIST.NET/MANGA/121213/KIMI_WA_HOUKAGO_INSOMNIA',143),(144,145,'IKOKU NIKKI',8.39,'HTTPS://MYANIMELIST.NET/MANGA/118804/IKOKU_NIKKI',144),(145,146,'ONANIE MASTER KUROSAWA',8.39,'HTTPS://MYANIMELIST.NET/MANGA/8967/ONANIE_MASTER_KUROSAWA',145),(146,147,'INNOCENT ROUGE',8.39,'HTTPS://MYANIMELIST.NET/MANGA/93699/INNOCENT_ROUGE',146),(147,148,'KIMI NO NA WA.',8.39,'HTTPS://MYANIMELIST.NET/MANGA/99314/KIMI_NO_NA_WA',147),(148,149,'AMAYO NO TSUKI',8.38,'HTTPS://MYANIMELIST.NET/MANGA/142310/AMAYO_NO_TSUKI',148),(149,150,'GUNNM',8.38,'HTTPS://MYANIMELIST.NET/MANGA/768/GUNNM',149),(150,151,'KAICHOU WA MAID-SAMA!',8.38,'HTTPS://MYANIMELIST.NET/MANGA/2921/KAICHOU_WA_MAID-SAMA',150),(151,152,'NICHIJOU',8.38,'HTTPS://MYANIMELIST.NET/MANGA/3082/NICHIJOU',151),(152,153,'MY GIRL',8.38,'HTTPS://MYANIMELIST.NET/MANGA/6164/MY_GIRL',152),(153,154,'IMAWA NO KUNI NO ALICE',8.38,'HTTPS://MYANIMELIST.NET/MANGA/33031/IMAWA_NO_KUNI_NO_ALICE',153),(154,155,'TOMODACHI GAME',8.37,'HTTPS://MYANIMELIST.NET/MANGA/62795/TOMODACHI_GAME',154),(155,156,'TENSEI SHITARA SLIME DATTA KEN',8.37,'HTTPS://MYANIMELIST.NET/MANGA/87609/TENSEI_SHITARA_SLIME_DATTA_KEN',155),(156,157,'MATA, ONAJI YUME WO MITEITA',8.37,'HTTPS://MYANIMELIST.NET/MANGA/110160/MATA_ONAJI_YUME_WO_MITEITA',156),(157,158,'XXXHOLIC',8.37,'HTTPS://MYANIMELIST.NET/MANGA/10/XXXHOLIC',157),(158,159,'AZUMANGA DAIOH',8.37,'HTTPS://MYANIMELIST.NET/MANGA/85/AZUMANGA_DAIOH',158),(159,160,'CARDCAPTOR SAKURA',8.37,'HTTPS://MYANIMELIST.NET/MANGA/106/CARDCAPTOR_SAKURA',159),(160,161,'KISEIJUU',8.37,'HTTPS://MYANIMELIST.NET/MANGA/401/KISEIJUU',160),(161,162,'SKET DANCE',8.37,'HTTPS://MYANIMELIST.NET/MANGA/1414/SKET_DANCE',161),(162,163,'BAKUMAN.',8.37,'HTTPS://MYANIMELIST.NET/MANGA/9711/BAKUMAN',162),(163,164,'LOVE BULLET',8.37,'HTTPS://MYANIMELIST.NET/MANGA/166372/LOVE_BULLET',163),(164,165,'SHADOWS HOUSE',8.36,'HTTPS://MYANIMELIST.NET/MANGA/115730/SHADOWS_HOUSE',164),(165,166,'HARUKA TOOKI IE',8.36,'HTTPS://MYANIMELIST.NET/MANGA/136103/HARUKA_TOOKI_IE',165),(166,167,'NORAGAMI',8.36,'HTTPS://MYANIMELIST.NET/MANGA/24692/NORAGAMI',166),(167,168,'BOKU DAKE GA INAI MACHI',8.36,'HTTPS://MYANIMELIST.NET/MANGA/39325/BOKU_DAKE_GA_INAI_MACHI',167),(168,169,'UMINEKO NO NAKU KORO NI - EPISODE 3: BANQUET OF THE GOLDEN WITCH',8.36,'HTTPS://MYANIMELIST.NET/MANGA/16081/UMINEKO_NO_NAKU_KORO_NI_-_EPISODE_3__BANQUET_OF_THE_GOLDEN_WITCH',168),(169,170,'KIMI NO YORU NI FURERU',8.36,'HTTPS://MYANIMELIST.NET/MANGA/144011/KIMI_NO_YORU_NI_FURERU',169),(170,171,'WOTAKU NI KOI WA MUZUKASHII',8.35,'HTTPS://MYANIMELIST.NET/MANGA/89087/WOTAKU_NI_KOI_WA_MUZUKASHII',170),(171,172,'BALLROOM E YOUKOSO',8.35,'HTTPS://MYANIMELIST.NET/MANGA/48347/BALLROOM_E_YOUKOSO',171),(172,173,'GOCHUUMON WA USAGI DESU KA?',8.35,'HTTPS://MYANIMELIST.NET/MANGA/49835/GOCHUUMON_WA_USAGI_DESU_KA',172),(173,174,'KIETA HATSUKOI',8.35,'HTTPS://MYANIMELIST.NET/MANGA/122906/KIETA_HATSUKOI',173),(174,175,'BUNGOU STRAY DOGS: DAZAI, CHUUYA, JUUGOSAI',8.35,'HTTPS://MYANIMELIST.NET/MANGA/152024/BUNGOU_STRAY_DOGS__DAZAI_CHUUYA_JUUGOSAI',174),(175,176,'VERSAILLES NO BARA',8.35,'HTTPS://MYANIMELIST.NET/MANGA/660/VERSAILLES_NO_BARA',175),(176,177,'KONJIKI NO GASH!!',8.35,'HTTPS://MYANIMELIST.NET/MANGA/869/KONJIKI_NO_GASH',176),(177,178,'KANATA KARA',8.34,'HTTPS://MYANIMELIST.NET/MANGA/923/KANATA_KARA',177),(178,179,'HOMUNCULUS',8.34,'HTTPS://MYANIMELIST.NET/MANGA/936/HOMUNCULUS',178),(179,180,'HADASHI NO GEN',8.34,'HTTPS://MYANIMELIST.NET/MANGA/3281/HADASHI_NO_GEN',179),(180,181,'TEN: TENHOU-DOORI NO KAIDANJI',8.34,'HTTPS://MYANIMELIST.NET/MANGA/3571/TEN__TENHOU-DOORI_NO_KAIDANJI',180),(181,182,'MAIRIMASHITA! IRUMA-KUN',8.34,'HTTPS://MYANIMELIST.NET/MANGA/104241/MAIRIMASHITA_IRUMA-KUN',181),(182,183,'GIN NO SAJI',8.33,'HTTPS://MYANIMELIST.NET/MANGA/25096/GIN_NO_SAJI',182),(183,184,'YOUJO SENKI',8.33,'HTTPS://MYANIMELIST.NET/MANGA/98436/YOUJO_SENKI',183),(184,185,'MAHOUTSUKAI NO YOME',8.33,'HTTPS://MYANIMELIST.NET/MANGA/61189/MAHOUTSUKAI_NO_YOME',184),(185,186,'JOJO NO KIMYOU NA BOUKEN PART 9: THE JOJOLANDS',8.32,'HTTPS://MYANIMELIST.NET/MANGA/139629/JOJO_NO_KIMYOU_NA_BOUKEN_PART_9__THE_JOJOLANDS',185),(186,187,'SENSOU KYOUSHITSU',8.32,'HTTPS://MYANIMELIST.NET/MANGA/147585/SENSOU_KYOUSHITSU',186),(187,188,'HOUKAGO KITAKU BIYORI',8.32,'HTTPS://MYANIMELIST.NET/MANGA/165876/HOUKAGO_KITAKU_BIYORI',187),(188,189,'LOVELYCOMPLEX',8.32,'HTTPS://MYANIMELIST.NET/MANGA/31/LOVELYCOMPLEX',188),(189,190,'GAKUEN ALICE',8.32,'HTTPS://MYANIMELIST.NET/MANGA/320/GAKUEN_ALICE',189),(190,191,'FULL METAL PANIC! SIGMA',8.32,'HTTPS://MYANIMELIST.NET/MANGA/895/FULL_METAL_PANIC_SIGMA',190),(191,192,'PIANO NO MORI',8.32,'HTTPS://MYANIMELIST.NET/MANGA/2895/PIANO_NO_MORI',191),(192,193,'MACHIDA-KUN NO SEKAI',8.32,'HTTPS://MYANIMELIST.NET/MANGA/58141/MACHIDA-KUN_NO_SEKAI',192),(193,194,'TOTSUKUNI NO SHOUJO',8.32,'HTTPS://MYANIMELIST.NET/MANGA/93972/TOTSUKUNI_NO_SHOUJO',193),(194,195,'BLUE GIANT SUPREME',8.32,'HTTPS://MYANIMELIST.NET/MANGA/100922/BLUE_GIANT_SUPREME',194),(195,196,'TSUIHOU SARERU TABI NI SKILL WO TE NI IRETA ORE GA, 100 NO ISEKAI DE 2-SHUUME MUSOU',8.31,'HTTPS://MYANIMELIST.NET/MANGA/156681/TSUIHOU_SARERU_TABI_NI_SKILL_WO_TE_NI_IRETA_ORE_GA_100_NO_ISEKAI_DE_2-SHUUME_MUSOU',195),(196,197,'TEITO SEIHAI KITAN: FATE/TYPE REDLINE',8.31,'HTTPS://MYANIMELIST.NET/MANGA/123444/TEITO_SEIHAI_KITAN__FATE_TYPE_REDLINE',196),(197,198,'MUSHISHI TOKUBETSU-HEN: HIHAMUKAGE',8.31,'HTTPS://MYANIMELIST.NET/MANGA/62023/MUSHISHI_TOKUBETSU-HEN__HIHAMUKAGE',197),(198,199,'TOKYO GHOUL:RE',8.31,'HTTPS://MYANIMELIST.NET/MANGA/81117/TOKYO_GHOUL_RE',198),(199,200,'SAIKI KUSUO NO -NAN',8.31,'HTTPS://MYANIMELIST.NET/MANGA/37755/SAIKI_KUSUO_NO_-NAN',199),(200,201,'OOKAMI KODOMO NO AME TO YUKI',8.31,'HTTPS://MYANIMELIST.NET/MANGA/40761/OOKAMI_KODOMO_NO_AME_TO_YUKI',200),(201,202,'MARS',8.31,'HTTPS://MYANIMELIST.NET/MANGA/443/MARS',201),(202,203,'SHIN ANGYO ONSHI',8.31,'HTTPS://MYANIMELIST.NET/MANGA/736/SHIN_ANGYO_ONSHI',202),(203,204,'TOUCH',8.31,'HTTPS://MYANIMELIST.NET/MANGA/1013/TOUCH',203),(204,205,'SAIKYOU DENSETSU KUROSAWA',8.31,'HTTPS://MYANIMELIST.NET/MANGA/3575/SAIKYOU_DENSETSU_KUROSAWA',204),(205,206,'HOSHI NO SAMIDARE',8.31,'HTTPS://MYANIMELIST.NET/MANGA/10552/HOSHI_NO_SAMIDARE',205),(206,207,'DAICHOUHEN DORAEMON',8.31,'HTTPS://MYANIMELIST.NET/MANGA/12471/DAICHOUHEN_DORAEMON',206),(207,208,'BLACK JACK',8.30,'HTTPS://MYANIMELIST.NET/MANGA/1600/BLACK_JACK',207),(208,209,'KIMI NI TODOKE',8.30,'HTTPS://MYANIMELIST.NET/MANGA/3378/KIMI_NI_TODOKE',208),(209,210,'TAKEMITSUZAMURAI',8.30,'HTTPS://MYANIMELIST.NET/MANGA/15306/TAKEMITSUZAMURAI',209),(210,211,'BOCCHI THE ROCK!',8.30,'HTTPS://MYANIMELIST.NET/MANGA/118568/BOCCHI_THE_ROCK',210),(211,212,'AO NO HAKO',8.30,'HTTPS://MYANIMELIST.NET/MANGA/135545/AO_NO_HAKO',211),(212,213,'OJISAMA TO NEKO',8.29,'HTTPS://MYANIMELIST.NET/MANGA/112774/OJISAMA_TO_NEKO',212),(213,214,'TSUBASA: RESERVOIR CHRONICLE',8.29,'HTTPS://MYANIMELIST.NET/MANGA/9/TSUBASA__RESERVOIR_CHRONICLE',213),(214,215,'KODOMO NO OMOCHA',8.29,'HTTPS://MYANIMELIST.NET/MANGA/18/KODOMO_NO_OMOCHA',214),(215,216,'PARADISE KISS',8.29,'HTTPS://MYANIMELIST.NET/MANGA/29/PARADISE_KISS',215),(216,217,'BLAME!',8.29,'HTTPS://MYANIMELIST.NET/MANGA/149/BLAME',216),(217,218,'BLACK LAGOON',8.29,'HTTPS://MYANIMELIST.NET/MANGA/735/BLACK_LAGOON',217),(218,219,'DOUKYUUSEI',8.29,'HTTPS://MYANIMELIST.NET/MANGA/9699/DOUKYUUSEI',218),(219,220,'LOVE SO LIFE',8.29,'HTTPS://MYANIMELIST.NET/MANGA/14236/LOVE_SO_LIFE',219),(220,221,'UMINEKO NO NAKU KORO NI - EPISODE 4: ALLIANCE OF THE GOLDEN WITCH',8.29,'HTTPS://MYANIMELIST.NET/MANGA/16144/UMINEKO_NO_NAKU_KORO_NI_-_EPISODE_4__ALLIANCE_OF_THE_GOLDEN_WITCH',220),(221,222,'AKUYAKU REIJOU NO NAKA NO HITO: DANZAI SARETA TENSEISHA NO TAME USOTSUKI HEROINE NI FUKUSHUU ITASHIMASU',8.29,'HTTPS://MYANIMELIST.NET/MANGA/148542/AKUYAKU_REIJOU_NO_NAKA_NO_HITO__DANZAI_SARETA_TENSEISHA_NO_TAME_USOTSUKI_HEROINE_NI_FUKUSHUU_ITASHIMASU',221),(222,223,'CANIS SERIES',8.29,'HTTPS://MYANIMELIST.NET/MANGA/57791/CANIS_SERIES',222),(223,224,'HARUKAZE NO TRANGER',8.29,'HTTPS://MYANIMELIST.NET/MANGA/77609/HARUKAZE_NO_TRANGER',223),(224,225,'CHICHI TO HIGE-GORILLA TO WATASHI',8.28,'HTTPS://MYANIMELIST.NET/MANGA/84983/CHICHI_TO_HIGE-GORILLA_TO_WATASHI',224),(225,226,'FUMETSU NO ANATA E',8.28,'HTTPS://MYANIMELIST.NET/MANGA/102343/FUMETSU_NO_ANATA_E',225),(226,227,'KOKO WA IMA KARA RINRI DESU.',8.28,'HTTPS://MYANIMELIST.NET/MANGA/106809/KOKO_WA_IMA_KARA_RINRI_DESU',226),(227,228,'SHOUWA GENROKU RAKUGO SHINJUU',8.28,'HTTPS://MYANIMELIST.NET/MANGA/26704/SHOUWA_GENROKU_RAKUGO_SHINJUU',227),(228,229,'ORANGE',8.28,'HTTPS://MYANIMELIST.NET/MANGA/35573/ORANGE',228),(229,230,'D.GRAY-MAN',8.28,'HTTPS://MYANIMELIST.NET/MANGA/24/DGRAY-MAN',229),(230,231,'SORA WA AKAI KAWA NO HOTORI',8.28,'HTTPS://MYANIMELIST.NET/MANGA/79/SORA_WA_AKAI_KAWA_NO_HOTORI',230),(231,232,'HELLSING',8.28,'HTTPS://MYANIMELIST.NET/MANGA/267/HELLSING',231),(232,233,'CLAYMORE',8.28,'HTTPS://MYANIMELIST.NET/MANGA/583/CLAYMORE',232),(233,234,'TOKYO CRAZY PARADISE',8.28,'HTTPS://MYANIMELIST.NET/MANGA/762/TOKYO_CRAZY_PARADISE',233),(234,235,'ANGEL DENSETSU',8.28,'HTTPS://MYANIMELIST.NET/MANGA/838/ANGEL_DENSETSU',234),(235,236,'MEITANTEI CONAN',8.28,'HTTPS://MYANIMELIST.NET/MANGA/1061/MEITANTEI_CONAN',235),(236,237,'BUDDHA',8.28,'HTTPS://MYANIMELIST.NET/MANGA/1111/BUDDHA',236),(237,238,'HIGURASHI NO NAKU KORO NI KAI: MEAKASHI-HEN',8.28,'HTTPS://MYANIMELIST.NET/MANGA/1262/HIGURASHI_NO_NAKU_KORO_NI_KAI__MEAKASHI-HEN',237),(238,239,'KOMATTA TOKI NI WA HOSHI NI KIKE',8.28,'HTTPS://MYANIMELIST.NET/MANGA/2459/KOMATTA_TOKI_NI_WA_HOSHI_NI_KIKE',238),(239,240,'HANA TO AKUMA',8.28,'HTTPS://MYANIMELIST.NET/MANGA/6520/HANA_TO_AKUMA',239),(240,241,'HIGURASHI NO NAKU KORO NI KAI: MINAGOROSHI-HEN',8.28,'HTTPS://MYANIMELIST.NET/MANGA/9548/HIGURASHI_NO_NAKU_KORO_NI_KAI__MINAGOROSHI-HEN',240),(241,242,'GAKUEN BABYSITTERS',8.28,'HTTPS://MYANIMELIST.NET/MANGA/16922/GAKUEN_BABYSITTERS',241),(242,243,'HANAZAKARI NO KIMITACHI E',8.27,'HTTPS://MYANIMELIST.NET/MANGA/57/HANAZAKARI_NO_KIMITACHI_E',242),(243,244,'TRIGUN MAXIMUM',8.27,'HTTPS://MYANIMELIST.NET/MANGA/704/TRIGUN_MAXIMUM',243),(244,245,'SAINT SEIYA: THE LOST CANVAS - MEIOU SHINWA',8.27,'HTTPS://MYANIMELIST.NET/MANGA/1047/SAINT_SEIYA__THE_LOST_CANVAS_-_MEIOU_SHINWA',244),(245,246,'HIGURASHI NO NAKU KORO NI KAI: TSUMIHOROBOSHI-HEN',8.27,'HTTPS://MYANIMELIST.NET/MANGA/1263/HIGURASHI_NO_NAKU_KORO_NI_KAI__TSUMIHOROBOSHI-HEN',245),(246,247,'SAKAMICHI NO APOLLON: BONUS TRACK',8.27,'HTTPS://MYANIMELIST.NET/MANGA/47022/SAKAMICHI_NO_APOLLON__BONUS_TRACK',246),(247,248,'BUNGOU STRAY DOGS WAN!',8.27,'HTTPS://MYANIMELIST.NET/MANGA/98379/BUNGOU_STRAY_DOGS_WAN',247),(248,249,'DENGEKI DAISY',8.26,'HTTPS://MYANIMELIST.NET/MANGA/5255/DENGEKI_DAISY',248),(249,250,'MAGI',8.26,'HTTPS://MYANIMELIST.NET/MANGA/14790/MAGI',249),(250,251,'KENGAN ASHURA',8.26,'HTTPS://MYANIMELIST.NET/MANGA/72025/KENGAN_ASHURA',250),(251,252,'YOMAWARI SENSEI',8.26,'HTTPS://MYANIMELIST.NET/MANGA/17910/YOMAWARI_SENSEI',251),(252,253,'YUKI NO YOUSEI',8.26,'HTTPS://MYANIMELIST.NET/MANGA/145496/YUKI_NO_YOUSEI',252),(253,254,'MAIRIMASHITA! IRUMA-KUN: IF EPISODE OF MAFIA',8.26,'HTTPS://MYANIMELIST.NET/MANGA/162733/MAIRIMASHITA_IRUMA-KUN__IF_EPISODE_OF_MAFIA',253),(254,255,'BOY MEETS MARIA',8.26,'HTTPS://MYANIMELIST.NET/MANGA/119392/BOY_MEETS_MARIA',254),(255,256,'BOKU NO KOKORO NO YABAI YATSU',8.25,'HTTPS://MYANIMELIST.NET/MANGA/112807/BOKU_NO_KOKORO_NO_YABAI_YATSU',255),(256,257,'KAGE NO JITSURYOKUSHA NI NARITAKUTE!',8.25,'HTTPS://MYANIMELIST.NET/MANGA/119022/KAGE_NO_JITSURYOKUSHA_NI_NARITAKUTE',256),(257,258,'HACHIMITSU TO CLOVER',8.25,'HTTPS://MYANIMELIST.NET/MANGA/1009/HACHIMITSU_TO_CLOVER',257),(258,259,'SAIYUUKI GAIDEN',8.25,'HTTPS://MYANIMELIST.NET/MANGA/1097/SAIYUUKI_GAIDEN',258),(259,260,'LIAR GAME',8.25,'HTTPS://MYANIMELIST.NET/MANGA/1649/LIAR_GAME',259),(260,261,'HIKARI TO TOMO NI...: JIHEISHOUJI WO KAKAETE',8.25,'HTTPS://MYANIMELIST.NET/MANGA/4258/HIKARI_TO_TOMO_NI__JIHEISHOUJI_WO_KAKAETE',260),(261,262,'KIICHI VS',8.25,'HTTPS://MYANIMELIST.NET/MANGA/15547/KIICHI_VS',261),(262,263,'KISHUKU GAKKOU NO JULIET',8.25,'HTTPS://MYANIMELIST.NET/MANGA/91514/KISHUKU_GAKKOU_NO_JULIET',262),(263,264,'KURAGEHIME',8.25,'HTTPS://MYANIMELIST.NET/MANGA/17904/KURAGEHIME',263),(264,265,'SUNNY',8.24,'HTTPS://MYANIMELIST.NET/MANGA/23571/SUNNY',264),(265,266,'ANSATSU KYOUSHITSU',8.24,'HTTPS://MYANIMELIST.NET/MANGA/39883/ANSATSU_KYOUSHITSU',265),(266,267,'INITIAL D',8.24,'HTTPS://MYANIMELIST.NET/MANGA/375/INITIAL_D',266),(267,268,'PLANETES',8.24,'HTTPS://MYANIMELIST.NET/MANGA/481/PLANETES',267),(268,269,'JOJO NO KIMYOU NA BOUKEN PART 6: STONE OCEAN',8.24,'HTTPS://MYANIMELIST.NET/MANGA/3009/JOJO_NO_KIMYOU_NA_BOUKEN_PART_6__STONE_OCEAN',268),(269,270,'KAMIGAMI NO ITADAKI',8.24,'HTTPS://MYANIMELIST.NET/MANGA/4625/KAMIGAMI_NO_ITADAKI',269),(270,271,'TOARU MAJUTSU NO INDEX GAIDEN: TOARU KAGAKU NO RAILGUN',8.24,'HTTPS://MYANIMELIST.NET/MANGA/7776/TOARU_MAJUTSU_NO_INDEX_GAIDEN__TOARU_KAGAKU_NO_RAILGUN',270),(271,272,'JUJUTSU KAISEN',8.24,'HTTPS://MYANIMELIST.NET/MANGA/113138/JUJUTSU_KAISEN',271),(272,273,'TAISHOU OTOME OTOGIBANASHI',8.24,'HTTPS://MYANIMELIST.NET/MANGA/96044/TAISHOU_OTOME_OTOGIBANASHI',272),(273,274,'KAICHOU WA MAID-SAMA!: MARRIAGE',8.24,'HTTPS://MYANIMELIST.NET/MANGA/103989/KAICHOU_WA_MAID-SAMA__MARRIAGE',273),(274,275,'HIKARU GA SHINDA NATSU',8.24,'HTTPS://MYANIMELIST.NET/MANGA/141833/HIKARU_GA_SHINDA_NATSU',274),(275,276,'PETSHOP OF HORRORS',8.23,'HTTPS://MYANIMELIST.NET/MANGA/128/PETSHOP_OF_HORRORS',275),(276,277,'SHONAN JUNAI GUMI!',8.23,'HTTPS://MYANIMELIST.NET/MANGA/445/SHONAN_JUNAI_GUMI',276),(277,278,'ROOKIES',8.23,'HTTPS://MYANIMELIST.NET/MANGA/915/ROOKIES',277),(278,279,'DIAMOND NO ACE',8.23,'HTTPS://MYANIMELIST.NET/MANGA/10884/DIAMOND_NO_ACE',278),(279,280,'YURU YURI',8.23,'HTTPS://MYANIMELIST.NET/MANGA/11593/YURU_YURI',279),(280,281,'NO.6',8.23,'HTTPS://MYANIMELIST.NET/MANGA/24308/NO6',280),(281,282,'DANSHI KOUKOUSEI NO NICHIJOU',8.23,'HTTPS://MYANIMELIST.NET/MANGA/26144/DANSHI_KOUKOUSEI_NO_NICHIJOU',281),(282,283,'STEINS;GATE: AISHIN MEIZU NO BABEL',8.23,'HTTPS://MYANIMELIST.NET/MANGA/47825/STEINS_GATE__AISHIN_MEIZU_NO_BABEL',282),(283,284,'KOIMONOGATARI',8.23,'HTTPS://MYANIMELIST.NET/MANGA/92252/KOIMONOGATARI',283),(284,285,'BEASTARS',8.23,'HTTPS://MYANIMELIST.NET/MANGA/103701/BEASTARS',284),(285,286,'HIDAMARI GA KIKOERU: LIMIT',8.23,'HTTPS://MYANIMELIST.NET/MANGA/112091/HIDAMARI_GA_KIKOERU__LIMIT',285),(286,287,'ACT-AGE',8.23,'HTTPS://MYANIMELIST.NET/MANGA/112115/ACT-AGE',286),(287,288,'SUMMERTIME RENDER',8.22,'HTTPS://MYANIMELIST.NET/MANGA/110031/SUMMERTIME_RENDER',287),(288,289,'JIGOKURAKU',8.22,'HTTPS://MYANIMELIST.NET/MANGA/112318/JIGOKURAKU',288),(289,290,'GHOST HUNT',8.22,'HTTPS://MYANIMELIST.NET/MANGA/158/GHOST_HUNT',289),(290,291,'AKAGAMI NO SHIRAYUKI-HIME',8.22,'HTTPS://MYANIMELIST.NET/MANGA/4571/AKAGAMI_NO_SHIRAYUKI-HIME',290),(291,292,'CROWS',8.22,'HTTPS://MYANIMELIST.NET/MANGA/5651/CROWS',291),(292,293,'GTO: SHONAN 14 DAYS',8.22,'HTTPS://MYANIMELIST.NET/MANGA/14531/GTO__SHONAN_14_DAYS',292),(293,294,'PRIVATE OPINION: BANANA FISH ANOTHER STORY',8.22,'HTTPS://MYANIMELIST.NET/MANGA/16593/PRIVATE_OPINION__BANANA_FISH_ANOTHER_STORY',293),(294,295,'NON NON BIYORI',8.22,'HTTPS://MYANIMELIST.NET/MANGA/17552/NON_NON_BIYORI',294),(295,296,'STEINS;GATE 0',8.22,'HTTPS://MYANIMELIST.NET/MANGA/107548/STEINS_GATE_0',295),(296,297,'TADAIMA, OKAERI',8.21,'HTTPS://MYANIMELIST.NET/MANGA/103063/TADAIMA_OKAERI',296),(297,298,'BOKU GA OTTO NI DEAU MADE',8.21,'HTTPS://MYANIMELIST.NET/MANGA/132962/BOKU_GA_OTTO_NI_DEAU_MADE',297),(298,299,'GENSHIKEN',8.21,'HTTPS://MYANIMELIST.NET/MANGA/348/GENSHIKEN',298),(299,300,'SAIYUUKI RELOAD',8.21,'HTTPS://MYANIMELIST.NET/MANGA/510/SAIYUUKI_RELOAD',299),(300,301,'HOUROU MUSUKO',8.21,'HTTPS://MYANIMELIST.NET/MANGA/585/HOUROU_MUSUKO',300),(301,302,'EDEN: IT\'S AN ENDLESS WORLD!',8.21,'HTTPS://MYANIMELIST.NET/MANGA/731/EDEN__ITS_AN_ENDLESS_WORLD',301),(302,303,'7 SEEDS',8.21,'HTTPS://MYANIMELIST.NET/MANGA/1075/7_SEEDS',302),(303,304,'SILVER DIAMOND',8.21,'HTTPS://MYANIMELIST.NET/MANGA/1208/SILVER_DIAMOND',303),(304,305,'SANCTUARY',8.21,'HTTPS://MYANIMELIST.NET/MANGA/1461/SANCTUARY',304),(305,306,'CAT STREET',8.21,'HTTPS://MYANIMELIST.NET/MANGA/1802/CAT_STREET',305),(306,307,'SOLANIN',8.21,'HTTPS://MYANIMELIST.NET/MANGA/3731/SOLANIN',306),(307,308,'GETTER ROBO SAGA',8.21,'HTTPS://MYANIMELIST.NET/MANGA/18074/GETTER_ROBO_SAGA',307),(308,309,'TSUREZURE CHILDREN',8.21,'HTTPS://MYANIMELIST.NET/MANGA/58027/TSUREZURE_CHILDREN',308),(309,310,'YUGAMI-KUN NI WA TOMODACHI GA INAI',8.21,'HTTPS://MYANIMELIST.NET/MANGA/62547/YUGAMI-KUN_NI_WA_TOMODACHI_GA_INAI',309),(310,311,'DEAD DEAD DEMONS DEDEDEDE DESTRUCTION',8.20,'HTTPS://MYANIMELIST.NET/MANGA/70801/DEAD_DEAD_DEMONS_DEDEDEDE_DESTRUCTION',310),(311,312,'KIMI GA SHINU MADE KOI WO SHITAI',8.20,'HTTPS://MYANIMELIST.NET/MANGA/115122/KIMI_GA_SHINU_MADE_KOI_WO_SHITAI',311),(312,313,'RE:ZERO KARA HAJIMERU ISEKAI SEIKATSU: DAI-4 SHOU - SEIIKI TO GOUYOKU NO MAJO',8.20,'HTTPS://MYANIMELIST.NET/MANGA/124470/RE_ZERO_KARA_HAJIMERU_ISEKAI_SEIKATSU__DAI-4_SHOU_-_SEIIKI_TO_GOUYOKU_NO_MAJO',312),(313,314,'DR. STONE',8.20,'HTTPS://MYANIMELIST.NET/MANGA/103897/DR_STONE',313),(314,315,'MAJO TO YAJUU',8.20,'HTTPS://MYANIMELIST.NET/MANGA/106204/MAJO_TO_YAJUU',314),(315,316,'MACHIKADO MAZOKU',8.20,'HTTPS://MYANIMELIST.NET/MANGA/108566/MACHIKADO_MAZOKU',315),(316,317,'AKU NO HANA',8.20,'HTTPS://MYANIMELIST.NET/MANGA/24705/AKU_NO_HANA',316),(317,318,'TAIYOU NO IE',8.20,'HTTPS://MYANIMELIST.NET/MANGA/26736/TAIYOU_NO_IE',317),(318,319,'HITSUGIKATSUGI NO KURO.: KAICHU TABI NO WA',8.20,'HTTPS://MYANIMELIST.NET/MANGA/4453/HITSUGIKATSUGI_NO_KURO__KAICHU_TABI_NO_WA',318),(319,320,'TASOGARE OTOME X AMNESIA',8.20,'HTTPS://MYANIMELIST.NET/MANGA/15805/TASOGARE_OTOME_X_AMNESIA',319),(320,321,'YOAKE NO UTA',8.20,'HTTPS://MYANIMELIST.NET/MANGA/140409/YOAKE_NO_UTA',320),(321,322,'SHINAI NARU BOKU E SATSUI WO KOMETE',8.19,'HTTPS://MYANIMELIST.NET/MANGA/115746/SHINAI_NARU_BOKU_E_SATSUI_WO_KOMETE',321),(322,323,'BISHOUJO SENSHI SAILOR MOON',8.19,'HTTPS://MYANIMELIST.NET/MANGA/92/BISHOUJO_SENSHI_SAILOR_MOON',322),(323,324,'METEOR METHUSELAH',8.19,'HTTPS://MYANIMELIST.NET/MANGA/373/METEOR_METHUSELAH',323),(324,325,'H2',8.19,'HTTPS://MYANIMELIST.NET/MANGA/1014/H2',324),(325,326,'AKAGI: YAMI NI ORITATTA TENSAI',8.19,'HTTPS://MYANIMELIST.NET/MANGA/1218/AKAGI__YAMI_NI_ORITATTA_TENSAI',325),(326,327,'HISTORIE',8.19,'HTTPS://MYANIMELIST.NET/MANGA/2924/HISTORIE',326),(327,328,'XXXHOLIC: REI',8.19,'HTTPS://MYANIMELIST.NET/MANGA/46010/XXXHOLIC__REI',327),(328,329,'HIRUNAKA NO RYUUSEI',8.18,'HTTPS://MYANIMELIST.NET/MANGA/27231/HIRUNAKA_NO_RYUUSEI',328),(329,330,'INNOCENT',8.18,'HTTPS://MYANIMELIST.NET/MANGA/58563/INNOCENT',329),(330,331,'TSUKURITAI ONNA TO TABETAI ONNA',8.18,'HTTPS://MYANIMELIST.NET/MANGA/140295/TSUKURITAI_ONNA_TO_TABETAI_ONNA',330),(331,332,'YUUYUUHAKUSHO',8.18,'HTTPS://MYANIMELIST.NET/MANGA/53/YUUYUUHAKUSHO',331),(332,333,'KOORI NO MAMONO NO MONOGATARI',8.18,'HTTPS://MYANIMELIST.NET/MANGA/1982/KOORI_NO_MAMONO_NO_MONOGATARI',332),(333,334,'JOJO NO KIMYOU NA BOUKEN PART 5: OUGON NO KAZE',8.18,'HTTPS://MYANIMELIST.NET/MANGA/3008/JOJO_NO_KIMYOU_NA_BOUKEN_PART_5__OUGON_NO_KAZE',333),(334,335,'BOKURA NO SHOKUTAKU',8.18,'HTTPS://MYANIMELIST.NET/MANGA/104491/BOKURA_NO_SHOKUTAKU',334),(335,336,'FUSHIGI NEKO NO KYUU-CHAN',8.18,'HTTPS://MYANIMELIST.NET/MANGA/112694/FUSHIGI_NEKO_NO_KYUU-CHAN',335),(336,337,'YOFUKASHI NO UTA',8.17,'HTTPS://MYANIMELIST.NET/MANGA/121480/YOFUKASHI_NO_UTA',336),(337,338,'SAKAMOTO DAYS',8.17,'HTTPS://MYANIMELIST.NET/MANGA/131334/SAKAMOTO_DAYS',337),(338,339,'FUKIGEN NA MONONOKEAN',8.17,'HTTPS://MYANIMELIST.NET/MANGA/67401/FUKIGEN_NA_MONONOKEAN',338),(339,340,'OTOUTO NO OTTO',8.17,'HTTPS://MYANIMELIST.NET/MANGA/80375/OTOUTO_NO_OTTO',339),(340,341,'LAST GAME',8.17,'HTTPS://MYANIMELIST.NET/MANGA/30315/LAST_GAME',340),(341,342,'HIGURASHI NO NAKU KORO NI KAI: MATSURIBAYASHI-HEN',8.17,'HTTPS://MYANIMELIST.NET/MANGA/9738/HIGURASHI_NO_NAKU_KORO_NI_KAI__MATSURIBAYASHI-HEN',341),(342,343,'UZUMAKI',8.16,'HTTPS://MYANIMELIST.NET/MANGA/436/UZUMAKI',342),(343,344,'OOKIKU FURIKABUTTE',8.16,'HTTPS://MYANIMELIST.NET/MANGA/994/OOKIKU_FURIKABUTTE',343),(344,345,'TOUHOU SHINIGAMI: METEOR METHUSELAH GAIDEN',8.16,'HTTPS://MYANIMELIST.NET/MANGA/10865/TOUHOU_SHINIGAMI__METEOR_METHUSELAH_GAIDEN',344),(345,346,'SHINGEKI NO KYOJIN: KUINAKI SENTAKU',8.16,'HTTPS://MYANIMELIST.NET/MANGA/58007/SHINGEKI_NO_KYOJIN__KUINAKI_SENTAKU',345),(346,347,'YAHARI ORE NO SEISHUN LOVE COMEDY WA MACHIGATTEIRU. @COMIC',8.16,'HTTPS://MYANIMELIST.NET/MANGA/80091/YAHARI_ORE_NO_SEISHUN_LOVE_COMEDY_WA_MACHIGATTEIRU_COMIC',346),(347,348,'TONIKAKU KAWAII',8.16,'HTTPS://MYANIMELIST.NET/MANGA/112589/TONIKAKU_KAWAII',347),(348,349,'BUNGOU STRAY DOGS: DEAD APPLE',8.16,'HTTPS://MYANIMELIST.NET/MANGA/113163/BUNGOU_STRAY_DOGS__DEAD_APPLE',348),(349,350,'YAMADA-KUN TO LV999 NO KOI WO SURU',8.16,'HTTPS://MYANIMELIST.NET/MANGA/125052/YAMADA-KUN_TO_LV999_NO_KOI_WO_SURU',349),(350,351,'[OSHI NO KO]',8.16,'HTTPS://MYANIMELIST.NET/MANGA/126146/OSHI_NO_KO',350),(351,352,'CHI. CHIKYUU NO UNDOU NI TSUITE',8.16,'HTTPS://MYANIMELIST.NET/MANGA/137939/CHI_CHIKYUU_NO_UNDOU_NI_TSUITE',351),(352,353,'DOUKYUUSEI: GOLD RING & SILVER RING',8.16,'HTTPS://MYANIMELIST.NET/MANGA/102703/DOUKYUUSEI__GOLD_RING___SILVER_RING',352),(353,354,'ANO HI MITA HANA NO NAMAE WO BOKUTACHI WA MADA SHIRANAI.',8.15,'HTTPS://MYANIMELIST.NET/MANGA/35733/ANO_HI_MITA_HANA_NO_NAMAE_WO_BOKUTACHI_WA_MADA_SHIRANAI',353),(354,355,'FATE/KALEID LINER PRISMAILLYA 3REI!!',8.15,'HTTPS://MYANIMELIST.NET/MANGA/36131/FATE_KALEID_LINER_PRISMAILLYA_3REI',354),(355,356,'MAHOU SHOUJO MADOKAMAGICA: THE DIFFERENT STORY',8.15,'HTTPS://MYANIMELIST.NET/MANGA/44319/MAHOU_SHOUJO_MADOKAMAGICA__THE_DIFFERENT_STORY',355),(356,357,'NUKOZUKE!',8.15,'HTTPS://MYANIMELIST.NET/MANGA/45947/NUKOZUKE',356),(357,358,'SAYONARA ZETSUBOU SENSEI',8.15,'HTTPS://MYANIMELIST.NET/MANGA/661/SAYONARA_ZETSUBOU_SENSEI',357),(358,359,'MAISON IKKOKU',8.15,'HTTPS://MYANIMELIST.NET/MANGA/688/MAISON_IKKOKU',358),(359,360,'SHINGETSUTAN TSUKIHIME',8.15,'HTTPS://MYANIMELIST.NET/MANGA/705/SHINGETSUTAN_TSUKIHIME',359),(360,361,'FUSHIGI YUUGI: GENBU KAIDEN',8.15,'HTTPS://MYANIMELIST.NET/MANGA/929/FUSHIGI_YUUGI__GENBU_KAIDEN',360),(361,362,'SORA NO OTOSHIMONO',8.15,'HTTPS://MYANIMELIST.NET/MANGA/8144/SORA_NO_OTOSHIMONO',361),(362,363,'CAPETA',8.15,'HTTPS://MYANIMELIST.NET/MANGA/9546/CAPETA',362),(363,364,'BAKUON RETTOU',8.15,'HTTPS://MYANIMELIST.NET/MANGA/10443/BAKUON_RETTOU',363),(364,365,'ASE TO SEKKEN',8.15,'HTTPS://MYANIMELIST.NET/MANGA/117840/ASE_TO_SEKKEN',364),(365,366,'MYSTERY TO IU NAKARE',8.14,'HTTPS://MYANIMELIST.NET/MANGA/111229/MYSTERY_TO_IU_NAKARE',365),(366,367,'SASAYAKU YOU NI KOI WO UTAU',8.14,'HTTPS://MYANIMELIST.NET/MANGA/118625/SASAYAKU_YOU_NI_KOI_WO_UTAU',366),(367,368,'PONKOTSU PONKO',8.14,'HTTPS://MYANIMELIST.NET/MANGA/120250/PONKOTSU_PONKO',367),(368,369,'SHANGRI-LA FRONTIER: KUSOGE HUNTER, KAMIGE NI IDOMAN TO SU',8.14,'HTTPS://MYANIMELIST.NET/MANGA/130331/SHANGRI-LA_FRONTIER__KUSOGE_HUNTER_KAMIGE_NI_IDOMAN_TO_SU',368),(369,370,'BINBOUGAMI GA!',8.14,'HTTPS://MYANIMELIST.NET/MANGA/20242/BINBOUGAMI_GA',369),(370,371,'HELCK',8.14,'HTTPS://MYANIMELIST.NET/MANGA/77637/HELCK',370),(371,372,'HIDAMARI GA KIKOERU',8.14,'HTTPS://MYANIMELIST.NET/MANGA/84255/HIDAMARI_GA_KIKOERU',371),(372,373,'YAKUSOKU NO NEVERLAND',8.14,'HTTPS://MYANIMELIST.NET/MANGA/100128/YAKUSOKU_NO_NEVERLAND',372),(373,374,'KARESHI KANOJO NO JIJOU',8.14,'HTTPS://MYANIMELIST.NET/MANGA/17/KARESHI_KANOJO_NO_JIJOU',373),(374,375,'EMMA',8.14,'HTTPS://MYANIMELIST.NET/MANGA/729/EMMA',374),(375,376,'GUNNM: LAST ORDER',8.14,'HTTPS://MYANIMELIST.NET/MANGA/770/GUNNM__LAST_ORDER',375),(376,377,'SHIAWASE KISSA 3-CHOUME',8.14,'HTTPS://MYANIMELIST.NET/MANGA/1110/SHIAWASE_KISSA_3-CHOUME',376),(377,378,'IRYUU: TEAM MEDICAL DRAGON',8.14,'HTTPS://MYANIMELIST.NET/MANGA/1297/IRYUU__TEAM_MEDICAL_DRAGON',377),(378,379,'JOJO NO KIMYOU NA BOUKEN PART 2: SENTOU CHOURYUU',8.14,'HTTPS://MYANIMELIST.NET/MANGA/1630/JOJO_NO_KIMYOU_NA_BOUKEN_PART_2__SENTOU_CHOURYUU',378),(379,380,'ADOLF NI TSUGU',8.14,'HTTPS://MYANIMELIST.NET/MANGA/1695/ADOLF_NI_TSUGU',379),(380,381,'SOREDEMO MACHI WA MAWATTEIRU',8.14,'HTTPS://MYANIMELIST.NET/MANGA/3042/SOREDEMO_MACHI_WA_MAWATTEIRU',380),(381,382,'SENGOKU YOUKO',8.14,'HTTPS://MYANIMELIST.NET/MANGA/8070/SENGOKU_YOUKO',381),(382,383,'ZANKOKU NA KAMI GA SHIHAI SURU',8.14,'HTTPS://MYANIMELIST.NET/MANGA/8652/ZANKOKU_NA_KAMI_GA_SHIHAI_SURU',382),(383,384,'MAJOR',8.14,'HTTPS://MYANIMELIST.NET/MANGA/10978/MAJOR',383),(384,385,'KEISHICHOU TOKUHANKA 007',8.14,'HTTPS://MYANIMELIST.NET/MANGA/11850/KEISHICHOU_TOKUHANKA_007',384),(385,386,'KIMI TO BOKU.',8.13,'HTTPS://MYANIMELIST.NET/MANGA/8557/KIMI_TO_BOKU',385),(386,387,'TENGOKU DAIMAKYOU',8.13,'HTTPS://MYANIMELIST.NET/MANGA/111745/TENGOKU_DAIMAKYOU',386),(387,388,'TSUKIATTE AGETEMO II KANA',8.13,'HTTPS://MYANIMELIST.NET/MANGA/117020/TSUKIATTE_AGETEMO_II_KANA',387),(388,389,'HOSHI MAMORU INU',8.13,'HTTPS://MYANIMELIST.NET/MANGA/21467/HOSHI_MAMORU_INU',388),(389,390,'BOKURA WA MINNA KAWAI-SOU',8.13,'HTTPS://MYANIMELIST.NET/MANGA/26769/BOKURA_WA_MINNA_KAWAI-SOU',389),(390,391,'KIMETSU NO YAIBA',8.13,'HTTPS://MYANIMELIST.NET/MANGA/96792/KIMETSU_NO_YAIBA',390),(391,392,'AMAAMA TO INAZUMA',8.13,'HTTPS://MYANIMELIST.NET/MANGA/63535/AMAAMA_TO_INAZUMA',391),(392,393,'NHK NI YOUKOSO!',8.12,'HTTPS://MYANIMELIST.NET/MANGA/463/NHK_NI_YOUKOSO',392),(393,394,'GOD CHILD',8.12,'HTTPS://MYANIMELIST.NET/MANGA/635/GOD_CHILD',393),(394,395,'CITY HUNTER',8.12,'HTTPS://MYANIMELIST.NET/MANGA/792/CITY_HUNTER',394),(395,396,'NG LIFE',8.12,'HTTPS://MYANIMELIST.NET/MANGA/7010/NG_LIFE',395),(396,397,'BEELZEBUB',8.12,'HTTPS://MYANIMELIST.NET/MANGA/10010/BEELZEBUB',396),(397,398,'HAKUMEI TO MIKOCHI',8.12,'HTTPS://MYANIMELIST.NET/MANGA/80841/HAKUMEI_TO_MIKOCHI',397),(398,399,'AO HARU RIDE',8.12,'HTTPS://MYANIMELIST.NET/MANGA/24294/AO_HARU_RIDE',398),(399,400,'RE:ZERO KARA HAJIMERU ISEKAI SEIKATSU: DAI-3 SHOU - TRUTH OF ZERO',8.12,'HTTPS://MYANIMELIST.NET/MANGA/89960/RE_ZERO_KARA_HAJIMERU_ISEKAI_SEIKATSU__DAI-3_SHOU_-_TRUTH_OF_ZERO',399);
/*!40000 ALTER TABLE `ranks` ENABLE KEYS */;
UNLOCK TABLES;

--
-- Table structure for table `temas`
--

DROP TABLE IF EXISTS `temas`;
/*!40101 SET @saved_cs_client     = @@character_set_client */;
/*!50503 SET character_set_client = utf8mb4 */;
CREATE TABLE `temas` (
  `ID_TEMA` int NOT NULL,
  `NOMBRE` varchar(45) DEFAULT NULL,
  PRIMARY KEY (`ID_TEMA`)
) ENGINE=InnoDB DEFAULT CHARSET=utf8mb4 COLLATE=utf8mb4_0900_ai_ci;
/*!40101 SET character_set_client = @saved_cs_client */;

--
-- Dumping data for table `temas`
--

LOCK TABLES `temas` WRITE;
/*!40000 ALTER TABLE `temas` DISABLE KEYS */;
INSERT INTO `temas` VALUES (0,'GORE'),(1,'MILITARY'),(2,'PSYCHOLOGICAL'),(3,'HISTORICAL'),(4,'SAMURAI'),(5,'ADULT CAST'),(6,'SCHOOL'),(7,'TEAM SPORTS'),(8,'ANTHROPOMORPHIC'),(9,'COMBAT SPORTS'),(10,'CHILDCARE'),(11,'IYASHIKEI'),(12,'DELINQUENTS'),(13,'WORKPLACE'),(14,'STRATEGY GAME'),(15,'LOVE POLYGON'),(16,'MUSIC'),(17,'SPACE'),(18,'PARODY'),(19,'SUPER POWER'),(20,'URBAN FANTASY'),(21,'MEDICAL'),(22,'DETECTIVE'),(23,'GAG HUMOR'),(24,'HIGH STAKES GAME'),(25,'VISUAL ARTS'),(26,'ORGANIZED CRIME'),(27,'MECHA'),(28,'SHOWBIZ'),(29,'SURVIVAL'),(30,'MYTHOLOGY'),(31,'OTAKU CULTURE'),(32,'MEMOIR'),(33,'CROSSDRESSING'),(34,'REVERSE HAREM'),(35,'VAMPIRE'),(36,'REINCARNATION'),(37,'HAREM'),(38,'MARTIAL ARTS'),(39,'PERFORMING ARTS'),(40,'CGDCT'),(41,'ISEKAI'),(42,'MAHOU SHOUJO'),(43,'TIME TRAVEL'),(44,'LOVE STATUS QUO'),(45,'PETS'),(46,'VILLAINESS'),(47,'RACING'),(48,'VIDEO GAME'),(49,'MAGICAL SEX SHIFT');
/*!40000 ALTER TABLE `temas` ENABLE KEYS */;
UNLOCK TABLES;
/*!40103 SET TIME_ZONE=@OLD_TIME_ZONE */;

/*!40101 SET SQL_MODE=@OLD_SQL_MODE */;
/*!40014 SET FOREIGN_KEY_CHECKS=@OLD_FOREIGN_KEY_CHECKS */;
/*!40014 SET UNIQUE_CHECKS=@OLD_UNIQUE_CHECKS */;
/*!40101 SET CHARACTER_SET_CLIENT=@OLD_CHARACTER_SET_CLIENT */;
/*!40101 SET CHARACTER_SET_RESULTS=@OLD_CHARACTER_SET_RESULTS */;
/*!40101 SET COLLATION_CONNECTION=@OLD_COLLATION_CONNECTION */;
/*!40111 SET SQL_NOTES=@OLD_SQL_NOTES */;

-- Dump completed on 2025-06-10 23:58:07
